id,price
1,53235.395
2,56888.9682
3,22864.7389
4,2596.0754
5,5704.6147
6,6058.51135
7,4179.00078339286
8,13581.537209999999
9,5169.36105
10,21200.94425
11,5784.0223
12,5022.0365
13,4347.90195
14,56319.1136
15,40265.32695
16,56088.6055
17,55158.6027
18,6440.47695
19,72333.8481
20,6292.080293571426
21,6373.23815
22,60478.99834440473
23,45364.976
24,5716.1652
25,5013.97555
26,3954.08625
27,6169.06125
28,5323.8712
29,3785.72135
30,6458.7385
31,6990.42925
32,63796.5098
33,60125.95585
34,53230.21375
35,9642.789683333334
36,5791.4442
37,6011.2941
38,47350.70720178571
39,5695.84715
40,2680.47485
41,9931.4081
42,76838.8505
43,5391.93545
44,3660.72525
45,12614.3288625
46,3098.6287
47,5917.13905
48,12049.4166
49,72255.99418999998
50,6952.5215
51,5667.322
52,3352.0099
53,6654.6075
54,5119.18705
55,7211.9113
56,2735.5293
57,4437.60785
58,55055.6107
59,3318.11565
60,63868.84995265871
61,10625.8428
62,47874.7571
63,6719.37125
64,11072.9262
65,56233.96135
66,55016.10125
67,45435.2008
68,12150.50115
69,45849.9204
70,44947.9697
71,5509.6859
72,7178.765
73,11005.6869
74,8993.38785
75,11247.3759
76,6393.60915
77,7909.8957
78,3355.8935
79,62358.21825
80,10889.2337
81,5258.6722
82,6092.31115
83,7301.64855
84,6160.0938
85,30712.061616666662
86,59020.97725
87,4597.1187
88,15350.65555
89,59660.27355
90,4436.19425
91,4642.3886
92,62598.73235
93,55794.8433
94,82404.22675
95,53615.70775
96,5893.18525
97,5858.0803
98,14366.59015
99,6291.2628
100,69097.5777
101,5220.42721875
102,8176.03735
103,7241.80195
104,2834.471
105,6695.21135
106,8473.2436
107,51858.7351
108,56435.38065
109,47635.97375
110,2731.0814
111,53485.14605
112,52966.471
113,10996.204825
114,3405.1597
115,3394.2606
116,3799.7702
117,5970.50565
118,3285.8948
119,6113.9848
120,11890.02805
121,48865.4519
122,17587.365325
123,6516.5927
124,46177.21785
125,5659.88115
126,5968.2529
127,5914.9208
128,11989.1278
129,64850.12785
130,3836.0122
131,6300.2593
132,60805.8735
133,5641.05015
134,6560.40695
135,4157.26245
136,45102.3794
137,4357.13195
138,7653.6012
139,3809.26395
140,4734.406895
141,3526.72195
142,51430.32445
143,8083.0808
144,1744.65635
145,54582.39205
146,2970.8933
147,6161.4879
148,14761.687975
149,4494.1189
150,4686.72205
151,7897.852066666669
152,63232.4899
153,7756.241825
154,7129.2306
155,62153.08155
156,6946.6757
157,7283.65725
158,5258.27965
159,6464.06615
160,5031.90735
161,55434.75885
162,6661.32735
163,66924.4363
164,8160.5014
165,60182.273
166,34396.0747
167,58990.9378
168,5455.099405000001
169,13264.1228
170,50689.2505
171,2000.894
172,7815.3395
173,52572.60165
174,56934.06665
175,4712.03455
176,68025.80715
177,3967.75595
178,3728.6224
179,5348.4704
180,70247.65765
181,29755.0408
182,7462.23595
183,11354.05955
184,5900.67715
185,27374.85805
186,6204.40014
187,9612.822
188,54048.6585
189,13942.7715625
190,4353.7238625
191,52542.91305
192,3880.82485
193,55977.51495
194,5589.3409
195,5106.2784
196,5714.55615
197,2477.24805
198,16209.9961
199,13215.9117
200,59660.67905
201,65464.06535
202,11815.63295
203,4596.04695
204,8463.8708
205,58513.9479
206,60139.7004
207,4177.3413
208,45243.99175
209,49361.2497
210,9333.1753
211,55252.36595
212,44734.6563
213,4568.25385
214,5883.27325
215,6605.7137
216,47304.90155
217,4928.5983
218,29888.1894
219,7532.7825625
220,3364.21465
221,3184.82885
222,4010.233
223,22444.7209
224,54572.48995
225,58901.7466
226,11463.384304642857
227,8020.306383333334
228,9475.51665
229,4367.32855
230,60961.5339
231,4782.9156
232,6513.77
233,13405.72885
234,11601.721385
235,3812.9506
236,6648.8941575
237,2829.2581
238,3959.2478
239,2377.4381
240,11409.28775
241,64911.93095
242,51748.5887
243,4063.266675
244,62055.2916
245,9424.98735
246,49917.73115
247,55390.34585
248,5300.954825
249,5277.1525
250,65380.3573
251,9115.645695000001
252,5908.46272
253,50093.03745
254,11315.34985
255,6249.78085
256,68058.7032
257,4470.3705
258,2787.9154
259,4226.5453
260,56382.96305
261,3555.7995
262,5847.2406
263,53968.8892
264,4617.89295
265,8001.101356666663
266,2104.41025
267,41742.1052
268,49394.5649
269,46841.2486
270,8691.34685
271,6752.06385
272,7350.04355
273,52446.0098
274,32119.46005
275,2383.52725
276,8295.16605
277,29051.57565
278,7718.17725
279,32742.4371
280,6123.82285
281,43616.5883
282,5375.8865
283,5836.455684642858
284,7057.5163
285,48756.341
286,8143.98297
287,43680.4006
288,4794.45955
289,61221.5982
290,1923.27855
291,1481.7858
292,6655.4526
293,8180.105
294,6800.4406
295,5555.87495
296,4117.70165
297,45324.97395
298,13168.14165
299,8399.729
300,5361.63155
301,61000.7838
302,2687.74555
303,7721.1702
304,13233.9229
305,51885.00525
306,6237.82815
307,51022.35465
308,5603.5417
309,55482.67575
310,12324.1138
311,5466.29455
312,56947.05185
313,4142.20535
314,2969.93295
315,4392.1048
316,34719.082833333334
317,4008.1770257142857
318,4960.6364
319,8903.251111666666
320,4271.6393
321,4398.98465
322,60700.24925
323,5627.5283
324,3816.194
325,6686.39405
326,9466.0965
327,6635.92165
328,4829.34315
329,5727.7638
330,4046.5636
331,12320.7086
332,7197.1773
333,63485.6213
334,5558.1157
335,6936.5216375
336,11882.5389
337,4463.4348
338,22228.3714
339,14513.49595
340,50161.28835
341,47576.2062
342,48508.98265
343,4152.26165
344,5900.4938
345,13707.8887
346,72095.5864
347,3355.38955
348,3389.4078
349,6395.78325
350,11001.65255
351,4132.01925
352,6131.44325
353,4599.9242
354,4321.5361
355,4878.08065
356,70335.68355
357,49236.5573
358,5140.33775
359,4566.15725
360,49299.01765
361,55556.9939
362,6078.25085
363,51636.70125
364,2475.35235
365,69487.3112
366,29641.29445
367,4029.2271
368,4881.2309
369,6022.584043630952
370,6591.74625
371,4775.1739
372,4055.9026
373,6055.4488
374,6591.49865
375,12398.4149
376,49781.8097
377,6199.9272
378,59019.01427833333
379,5836.49375
380,2123.5464
381,63437.2603
382,7014.44345
383,6492.0494
384,4347.9131
385,7465.9694
386,65790.6477
387,57719.93965
388,4976.23355
389,49654.89345
390,57072.03675
391,59351.65225
392,78040.5395
393,6199.1115
394,54559.61365
395,70690.2911
396,57470.273466666666
397,52672.6875
398,4672.8538
399,6236.06785
400,3157.6748
401,7214.2373625
402,6149.98625
403,8223.4064
404,59304.9662
405,49923.26535
406,4481.27565
407,6359.82075
408,64031.93795
409,5766.11225
410,5802.39755
411,6518.6907982142875
412,51727.06965
413,7241.577668571429
414,5638.6732
415,6589.2326
416,2548.1669
417,27780.59335
418,5829.76335
419,52228.589625
420,12995.3722
421,4569.89965
422,5204.0956
423,3991.50825
424,58044.4612
425,14430.2423
426,4590.98125
427,3398.5611
428,12893.5687125
429,2151.60415
430,5958.67655
431,50451.85085
432,6134.04135
433,6496.9618725
434,65648.26435
435,2232.21135
436,6009.245329166666
437,12212.04875
438,13500.44585
439,5984.08895
440,64411.49567999999
441,9220.14175
442,59236.836233333335
443,6403.8572
444,3538.53885
445,4660.3687
446,49094.21555
447,60915.5
448,8803.7761
449,3848.3583
450,49808.4517
451,50406.0233
452,46692.47295
453,4424.5678
454,6224.8408
455,4999.51795
456,2253.3421
457,49963.51255
458,41204.15195
459,12333.2967
460,7226.17175
461,5073.6061
462,6218.6418
463,4495.71405
464,7308.66495
465,1657.27655
466,2155.50965
467,6650.9269139285725
468,5236.165366666666
469,4855.56695
470,9212.400183333333
471,10608.11745
472,9399.92535
473,5252.5107
474,6064.57115
475,4424.966613333332
476,11489.30785
477,10669.5509
478,4975.85865
479,13266.231393214286
480,34341.18085
481,5884.43495
482,6270.182097499999
483,2763.94665
484,3160.8839
485,10958.99725
486,5936.57305
487,63297.93085
488,4924.49845
489,50146.0333
490,6668.06085
491,48727.24495
492,5574.19165
493,57306.42045
494,52156.31755
495,6082.74365
496,36469.76865
497,5586.58765
498,4622.10585
499,64804.44325
500,51179.81345
501,4492.7555
502,4925.94585
503,62048.64435
504,45077.67155
505,52403.19805
506,8812.95025
507,5363.4942
508,32449.98715
509,2850.74895
510,55950.4864
511,6173.68935
512,6136.3102
513,37154.33895
514,7619.8724
515,67708.993
516,71716.54374333334
517,3878.8305
518,43881.86655
519,4520.9229
520,5572.7884
521,70483.1348
522,54492.96075
523,4345.23245
524,4744.1186
525,9107.2223375
526,6853.32615
527,6790.4514
528,3378.85315
529,6179.9064
530,16123.0748
531,50653.70895
532,3977.1487
533,54293.079980833325
534,10486.711306190484
535,11507.0344
536,66034.5943
537,56378.96035
538,4966.5567
539,4884.64515
540,3904.0168
541,4443.7684
542,2993.921
543,10133.332108333332
544,54670.12205
545,77338.84736
546,51840.49115
547,3876.55425
548,5919.2634
549,64166.43235
550,7130.51125
551,55907.8957
552,5623.13715
553,5979.09505
554,4632.47005
555,5949.3395
556,6606.1481
557,60727.90195
558,52123.57755
559,6065.6584
560,41292.30755
561,43216.9475
562,2649.90745
563,5109.91765
564,3400.32725
565,5016.90855
566,50953.272
567,12500.38205
568,11444.94915
569,7890.98315
570,6652.7347
571,4536.1501
572,16644.9758
573,12314.343291904765
574,4200.9648
575,48097.01395
576,5099.06115
577,53438.99075
578,4097.1507
579,47155.26315
580,65415.17265
581,44489.62785
582,4010.3529625
583,2397.5166
584,2235.1263
585,6487.74975
586,57675.4541
587,13981.92165
588,67183.99379
589,4486.9581
590,3071.45435
591,7414.3242
592,60659.565063769856
593,76636.8373
594,5558.30615
595,15306.76235
596,65987.92765
597,5418.92525
598,5200.6166
599,11358.43945
600,42175.0436
601,5983.2273
602,5116.74045
603,3902.249
604,5691.22915
605,54479.02365
606,5999.8232
607,65847.62645
608,36136.23765
609,3719.72435
610,4606.6787
611,53171.09475
612,4304.26095
613,66987.2816
614,8517.7688375
615,6102.3078
616,6861.0914
617,4174.27765
618,16444.72745
619,60398.5957
620,51591.88905
621,73131.8812
622,5661.2691
623,6165.2834
624,10337.46905
625,3834.1558
626,5576.2306
627,44418.36175
628,53078.4563
629,5420.00495
630,55045.2095
631,5657.04245
632,66315.68496
633,4827.71225
634,4543.0971
635,4051.20075
636,3860.78895
637,7769.15675
638,57090.2012
639,2678.7706
640,53447.28735
641,39767.92505
642,9077.89915
643,4429.69025
644,4204.77705
645,4119.8581
646,60588.37755
647,77149.1901
648,2811.75885
649,11693.33393
650,8322.501675
651,50820.01425
652,4132.1789
653,63939.03475
654,60022.9518
655,6607.55305
656,6784.1341
657,4059.4312
658,10492.94935
659,57034.4294
660,5928.086425
661,6121.97285
662,4971.14035
663,3414.32425
664,15070.66125
665,5872.78355
666,5120.99295
667,10724.88645
668,4432.1948
669,4825.15025
670,4541.17785
671,57574.33635
672,14659.21805
673,5467.38655
674,26957.8055
675,56328.027775
676,63298.91415
677,35130.36541666666
678,4341.9147
679,13701.6403
680,8190.295175
681,5395.34105
682,4978.7935
683,7630.65055
684,8374.4368
685,6315.3227
686,7845.6842
687,13440.27240267857
688,4539.116954166667
689,4653.15935
690,9515.6297
691,5246.9711
692,51533.8503
693,7820.56565
694,7428.03575
695,6708.0792
696,5777.2786
697,6450.2255
698,2714.99295
699,10798.95234833333
700,4716.5962
701,62840.1661
702,2396.11915
703,3825.77665
704,7165.52575
705,51672.60415
706,4190.940844999999
707,51370.0437
708,3493.15295
709,3203.7803
710,50982.10615
711,11569.870648333335
712,53185.64875
713,36800.14438333333
714,4558.6434
715,54753.7759
716,6465.8896
717,7865.116941666667
718,11516.34715
719,28794.0037
720,6855.44215
721,57895.72945
722,55942.3175
723,54301.41325
724,10599.075
725,48627.28665
726,56237.2368
727,8027.65205
728,3361.7594
729,5928.78675
730,74585.83805
731,28485.03976666666
732,5467.0374
733,6067.57045
734,3640.36465
735,54588.2843
736,6592.97035
737,3678.94315
738,4834.08185
739,59878.8544
740,49314.2693
741,56065.36811666667
742,57789.2714
743,4809.3855
744,63579.795516666665
745,12224.630583333334
746,4973.11625
747,59558.59715
748,8100.66615
749,56062.72335
750,52079.70885
751,6833.27135
752,5919.042869166667
753,6058.62285
754,3713.50585
755,5863.21315
756,59161.8751
757,47338.21705
758,7001.35895
759,52216.3349
760,3502.65045
761,7412.40725
762,4943.678945000001
763,7655.01165
764,7125.4912325000005
765,55001.39025
766,4800.6922
767,71111.5103
768,7532.57365
769,4725.67815
770,6516.0386
771,5672.7109
772,52223.2775
773,77576.0842
774,6287.3994
775,4848.722303154764
776,43707.2531
777,50975.23895
778,5474.88905
779,4458.1357
780,2536.10945
781,5034.8589625
782,46701.09025
783,6115.30265
784,22826.8826
785,7930.96835
786,9407.6167
787,12470.41895
788,4215.22445
789,64045.2928
790,17241.79985
791,43329.63265
792,34407.551
793,6342.6178
794,31967.7539
795,24236.29225
796,62711.39665
797,5085.98235
798,7675.12435
799,7596.00569375
800,1721.63465
801,13217.0279
802,5717.61655
803,3989.69615
804,51874.85995
805,6138.43935
806,26641.1571
807,72961.9513
808,12757.2389
809,45075.0111
810,9386.1637
811,47205.3083
812,6690.14985
813,4780.6312
814,56912.48705
815,7212.5168125
816,8671.98855
817,6500.23515
818,6161.69145
819,4378.43095
820,57272.4462
821,48633.60715
822,4913.72725
823,24159.5382
824,48304.2285
825,47707.84175
826,5923.06845
827,54191.07285
828,3263.51375
829,48255.96365
830,5536.5732
831,10612.8122
832,3907.2215
833,58077.4626
834,64638.81875
835,6194.35195
836,4534.16435
837,46283.32575
838,15625.4693875
839,5206.38785
840,12076.14555
841,57871.55615
842,49391.8996
843,2955.51435
844,24380.1659
845,6602.6736
846,67852.7872
847,44877.0825
848,9110.5829
849,5230.17875
850,13276.0237
851,4351.4852
852,7824.14215
853,5492.83884375
854,53511.19765
855,16964.8816
856,5483.5021
857,54622.04755
858,4970.93335
859,6162.58305
860,7695.2593
861,4900.0922
862,3338.03275
863,48285.43405
864,6983.0898
865,2353.2394
866,12192.28785
867,51773.535
868,2124.51475
869,3873.3439
870,69426.783
871,4546.80865
872,16379.56875
873,45523.1127
874,8458.21505
875,61114.39855
876,6044.7103
877,3545.83915
878,46208.63935
879,4461.28885
880,63948.977
881,4513.4009
882,4488.53525
883,9154.8135
884,4071.55055
885,6521.46425
886,5536.7948
887,3974.45125
888,52051.83285
889,40401.8258
890,2421.90075
891,5147.14545
892,2313.3095
893,3313.05725
894,56862.711675
895,8871.503
896,68229.8198
897,5552.6513
898,55580.382
899,6503.36885
900,5977.99785
901,58946.72095
902,48468.36465
903,11684.9259325
904,4998.7183
905,5928.25295
906,5495.9016
907,59592.1776970635
908,60766.6194
909,6272.4739
910,6255.1973
911,5267.65095
912,4349.9028
913,64701.95555
914,4496.598
915,5873.2011
916,45879.75885
917,5649.6219
918,31306.632833333337
919,3347.2893
920,11963.568866666667
921,63362.2311
922,13686.493625
923,54940.54295
924,4918.95625
925,54656.72095
926,4403.99915
927,64500.1737
928,5723.4257
929,29666.09185
930,12468.96316
931,11069.5297
932,3668.20245
933,50305.7414
934,6370.3417
935,4500.8711
936,3921.40015
937,5894.4971
938,46693.7946
939,14124.8538
940,5827.3892
941,5088.1995
942,65162.06155
943,6116.66225
944,5048.58745
945,2440.80335
946,9470.18305
947,52800.2712
948,3163.34655
949,74403.50095
950,52660.41565
951,43434.12225
952,55359.15339
953,2882.22055
954,13085.955972500002
955,4265.1993
956,50033.25475
957,6780.2425
958,8841.78415
959,3784.1328
960,66711.31575
961,56532.70313333333
962,5572.3862
963,11523.4545
964,5148.82665
965,5492.41555
966,5752.24205
967,66038.4119
968,10050.023973333333
969,4418.5123
970,3748.62705
971,6327.3272
972,57538.2092
973,3433.75995
974,48858.3972
975,60098.0664
976,61402.481975
977,4391.76285
978,64135.95985
979,5241.6435
980,5687.2017
981,10810.9363
982,58260.3640625
983,6074.18575
984,5983.7651
985,5293.6645
986,6589.5006
987,11364.7543
988,5187.34935
989,3574.25455
990,7104.95375
991,62338.851
992,58069.7555
993,7361.297
994,54610.97675
995,12002.28385
996,4138.089216666666
997,5388.0354
998,6321.14825
999,8546.160686666668
1000,4598.5889
1001,3304.7071
1002,10212.5227
1003,60190.96375
1004,4597.71355
1005,12864.45705
1006,13321.27605
1007,4013.5039
1008,3781.2852
1009,16132.26905
1010,2694.1731
1011,42973.74
1012,47811.67175
1013,4599.58585
1014,56988.12985
1015,59319.48165
1016,44293.0407
1017,42485.1686
1018,10191.2567
1019,7467.43975
1020,3193.722
1021,12937.53925
1022,4425.322075
1023,3601.6893
1024,51914.83345
1025,14012.52705
1026,56174.8553
1027,4179.3352
1028,52833.48395
1029,7008.1995
1030,53673.20255
1031,6631.66065
1032,4023.32175
1033,42797.1659
1034,7907.4197
1035,5478.90655
1036,31203.749
1037,5300.254
1038,43599.44385
1039,3691.9174
1040,3049.5455
1041,60586.96765
1042,33314.2229
1043,11000.0135
1044,6227.51295
1045,5396.2644
1046,61545.75215
1047,45408.93245
1048,4429.8918
1049,5160.21035
1050,2122.0501
1051,3541.53325
1052,5501.6024
1053,5455.27135
1054,54229.9255
1055,2828.5096
1056,6600.5041
1057,9118.79575
1058,7967.46665
1059,6712.7374
1060,3688.43025
1061,61771.5053
1062,50270.9541
1063,4233.9931
1064,7974.705912500001
1065,10341.13695
1066,5292.1175
1067,18328.019375
1068,20927.59595
1069,43921.586
1070,2098.4298
1071,4973.2577
1072,49517.9091
1073,57810.9222
1074,17400.84725
1075,12046.0788
1076,6233.50755
1077,7051.87335
1078,5004.9316
1079,18911.569875
1080,4408.206854166666
1081,50527.349
1082,5527.28695
1083,4617.6878
1084,12557.11045
1085,3939.0631
1086,7163.9369
1087,11449.86935
1088,6952.35105
1089,14867.5566
1090,5674.06675
1091,6264.6411
1092,12331.50185
1093,6447.522511785714
1094,5267.31815
1095,9743.5016
1096,54572.44865
1097,61631.0508
1098,4692.6756
1099,4575.6322
1100,50173.173
1101,3613.4275
1102,14062.879480000001
1103,3369.25845
1104,60023.777
1105,2570.69945
1106,8624.4759
1107,5101.080185
1108,7535.43705
1109,57304.1296
1110,2977.5689
1111,12107.09
1112,52270.9576
1113,5722.7716
1114,58644.69475
1115,12537.9559
1116,4197.11495
1117,66134.91515
1118,49524.5227
1119,6441.16335
1120,4044.091
1121,4212.3012
1122,2447.4078
1123,5826.4707
1124,5363.88445
1125,53669.3957
1126,6571.0963
1127,5439.64845
1128,50163.9447
1129,5439.74675
1130,6730.4368
1131,10263.26845
1132,7661.7349
1133,64657.75325
1134,5915.88395
1135,5791.53675
1136,5392.9989
1137,7386.0148
1138,28245.90685
1139,5520.8898
1140,3713.6574
1141,4895.89175
1142,6594.66215
1143,2466.6338
1144,6586.927966666667
1145,50795.70055
1146,61305.03285
1147,13794.662825
1148,41458.45355
1149,6776.69255
1150,2915.9094
1151,4027.66585
1152,12608.64025
1153,4121.5196
1154,9122.64655
1155,14371.9107
1156,6654.1699
1157,4620.2493
1158,46148.5635
1159,6380.9468
1160,3000.20985
1161,6272.25135
1162,5694.6206
1163,5794.5168
1164,79161.90435
1165,5797.0116992857165
1166,48893.67775
1167,7105.02995
1168,6012.28845
1169,12996.71825
1170,4822.179065
1171,5982.9779
1172,57493.8705
1173,2576.56855
1174,6211.53115
1175,2805.7858
1176,4218.72525
1177,2185.0217
1178,4666.1576
1179,13948.712459999999
1180,4477.8637
1181,4811.6566
1182,7021.04705
1183,44959.4358
1184,57733.63038333334
1185,18496.15745
1186,6727.6884
1187,54013.18875
1188,3254.6659
1189,5164.5631
1190,13686.750675
1191,68093.4221
1192,56524.5844
1193,17011.821942023813
1194,5493.8998
1195,3662.16145
1196,11878.7324
1197,62829.2029
1198,13201.2553125
1199,5300.47745
1200,6090.1924
1201,11460.648525
1202,22734.72415
1203,5941.293819285714
1204,53964.90055
1205,6425.32925
1206,13685.67585
1207,4500.6257
1208,5772.9933
1209,8182.2941
1210,5256.32465
1211,61921.03855
1212,55295.01985
1213,3118.484
1214,4798.0168
1215,5398.522218690474
1216,17350.8926
1217,3718.0329
1218,3739.50605
1219,61573.58485
1220,29285.2031
1221,67988.3168
1222,3886.7878
1223,4116.45845
1224,44696.497
1225,59284.96945
1226,4979.68105
1227,5782.03395
1228,4495.02615
1229,13509.14095
1230,46516.93765
1231,4543.7178
1232,5319.87725
1233,5443.84335
1234,5747.3428
1235,59262.2625
1236,5496.5321
1237,62933.6477
1238,5100.7304
1239,8175.9383
1240,11709.90115
1241,51379.363
1242,6031.74365
1243,55761.57005
1244,5830.24945
1245,6408.46395
1246,6409.2762
1247,6007.55295
1248,4834.9549
1249,6328.666708333333
1250,6852.76815
1251,4895.2975
1252,56035.5212
1253,58390.74225
1254,2441.69315
1255,3437.69935
1256,54722.78435
1257,5372.9424
1258,4834.5092
1259,5363.11446
1260,10371.10045
1261,3754.5061
1262,8355.1685
1263,12625.208553214285
1264,44932.03135
1265,3523.8127
1266,31424.3461
1267,5264.27475
1268,7581.65895
1269,9590.3964
1270,62401.80835
1271,7569.9549
1272,5362.797
1273,17651.73984327381
1274,11762.45305
1275,6521.3318
1276,4585.6221
1277,75453.7975
1278,10953.8425
1279,11940.4612
1280,63074.74045
1281,24010.1911
1282,57566.2249
1283,4743.1166
1284,5536.5629
1285,3905.62625
1286,49264.2916375
1287,7061.20885
1288,76145.57065
1289,5355.62425
1290,9558.00895
1291,7072.648
1292,51106.77455
1293,7942.698725
1294,10692.5373
1295,6134.1382
1296,50562.9114
1297,4564.73645
1298,10918.1923
1299,11173.6898625
1300,6513.6553
1301,8639.444075
1302,50096.32135
1303,2356.0623
1304,4837.55035
1305,6918.00545
1306,4491.44215
1307,4359.42585
1308,6798.90435
1309,53188.956
1310,65114.73005
1311,5842.84025
1312,13027.875
1313,49424.2091
1314,43466.6233
1315,11948.921
1316,13585.58805
1317,5467.557425
1318,5571.6512
1319,2356.312
1320,20677.9197
1321,6059.27395
1322,7992.9849
1323,2126.4537
1324,5859.28965
1325,57339.9273
1326,3439.7306
1327,6247.9709
1328,68754.3743
1329,4213.967
1330,6139.054716666667
1331,5244.1749625
1332,12371.3763
1333,2002.7142
1334,12899.91915
1335,9255.954083333334
1336,6549.37125
1337,38977.2734
1338,7230.816801785713
1339,5554.09535
1340,7692.2812
1341,9325.931323333334
1342,2435.6084
1343,2756.1753
1344,7930.533
1345,2238.4837
1346,67008.801
1347,4692.45735
1348,49494.45115
1349,5506.25145
1350,6503.10325
1351,11227.22245
1352,11182.5524
1353,10560.9238
1354,5560.42115
1355,8912.59665
1356,51463.0363
1357,29661.4157
1358,11804.6654
1359,7802.14945
1360,12753.2898
1361,4581.9789
1362,45067.96655
1363,7682.3670299999985
1364,8145.57911
1365,46175.2549
1366,70839.1712
1367,11299.46295
1368,7693.4335
1369,54513.55715
1370,49761.46115
1371,5081.4216
1372,21348.4579
1373,6481.8625
1374,47390.8908
1375,5299.24735
1376,10662.46455
1377,5086.95025
1378,4201.59785
1379,4681.8235
1380,53765.0501
1381,4593.39075
1382,70223.99995
1383,50615.58065
1384,43181.44625
1385,5694.24165
1386,4439.5908
1387,2297.0682
1388,4879.47425
1389,56433.8964
1390,5292.5647
1391,46238.4074
1392,2171.3562
1393,53728.7683
1394,51275.6162
1395,4546.3154
1396,5028.54995
1397,6577.7717
1398,54490.8703
1399,36037.60218333333
1400,68911.6666
1401,13222.9037
1402,61853.2469
1403,7035.40625
1404,3110.67015
1405,32687.87855
1406,9168.1067
1407,73799.9178
1408,11229.10194380952
1409,4502.58315
1410,46474.8026
1411,9933.18875
1412,7096.2236
1413,65832.08795
1414,12339.5843
1415,56010.7853
1416,6210.7291
1417,6284.7632
1418,2150.06015
1419,5171.67475
1420,5069.63465
1421,57866.18255
1422,4104.66825
1423,49543.58505
1424,6223.55175
1425,49358.4381
1426,4418.00805
1427,7988.54925
1428,47411.4285
1429,2769.21055
1430,3928.99125
1431,48463.08885
1432,47485.94365
1433,3823.4167
1434,2035.6248
1435,3230.43695
1436,71252.19301666666
1437,6503.98755
1438,28868.6475
1439,54852.8831
1440,47164.0969
1441,8724.6467
1442,62778.10545833334
1443,52842.62845
1444,7642.01195
1445,58641.10185
1446,52679.22505
1447,9881.6067
1448,44999.0949
1449,3277.90055
1450,68090.09805
1451,3694.378
1452,38746.4105
1453,5481.25825
1454,6649.31315
1455,4485.19995
1456,51409.26005
1457,55415.36175
1458,6356.40405
1459,3578.93965
1460,3473.43385
1461,14416.5704
1462,6120.51875
1463,48194.6457
1464,3032.37935
1465,3818.7396
1466,3318.30085
1467,45881.8377
1468,48142.59215
1469,52108.87995
1470,4786.036
1471,14069.5177375
1472,15048.3447
1473,3744.6014
1474,52795.41395
1475,3669.4998
1476,14938.430155357144
1477,45982.93035
1478,4894.59885
1479,7715.31685
1480,13057.01175
1481,41874.48125
1482,41376.62805
1483,4462.73955
1484,6003.59235
1485,6694.22635
1486,11461.167
1487,7258.061
1488,42354.5556
1489,7310.37275
1490,8454.026
1491,8756.817225
1492,47186.2509
1493,57067.44902666666
1494,10028.18615
1495,47746.61565
1496,56315.77995
1497,2694.79915
1498,7942.72475
1499,5212.1241125
1500,6076.36695
1501,6935.42695
1502,10407.821840476192
1503,3257.86665
1504,10953.1376
1505,4767.1785
1506,67931.8228
1507,3647.6141
1508,59066.8508
1509,48192.4708
1510,60754.37585
1511,8676.17945
1512,55774.52375
1513,53544.03605
1514,5545.87505
1515,50588.9887
1516,48469.04735
1517,4562.4592
1518,5757.495705
1519,74370.8347
1520,5784.1716
1521,4450.88535
1522,3161.18335
1523,5553.44985
1524,56792.92015
1525,9633.24525
1526,12243.15315
1527,12749.6048
1528,42014.7134
1529,6075.28495
1530,8382.12615
1531,45507.1948
1532,5394.22905
1533,41598.73315
1534,9071.59865
1535,7791.99255
1536,51197.317
1537,12217.256875
1538,13269.38
1539,4508.707
1540,5067.3044
1541,6543.30945
1542,54037.4011
1543,9899.2932
1544,43012.8374
1545,28071.1982
1546,54673.22475
1547,26803.36445
1548,11050.9842
1549,5618.0972
1550,47464.84897
1551,6239.9455
1552,8195.9783
1553,65370.4942
1554,8048.3694
1555,4534.62355
1556,4943.6472
1557,7308.4029
1558,33471.30115
1559,12004.2305
1560,77193.72805
1561,7794.682933333334
1562,6028.91405
1563,57336.2465
1564,67737.1171
1565,7378.477816666667
1566,7649.765
1567,6104.47155
1568,7834.6423
1569,55397.67955
1570,3108.39415
1571,8531.7157
1572,4481.7445
1573,3201.36845
1574,19010.3837
1575,53596.73635
1576,13813.9688
1577,7922.3304
1578,55025.09855
1579,5393.31495
1580,6242.22675
1581,50841.6052
1582,3619.2085
1583,68652.33965
1584,5163.51755
1585,5301.009531666666
1586,14131.7507
1587,4020.2797
1588,5686.06725
1589,45213.9369
1590,75905.3068
1591,51354.399
1592,5081.23195
1593,7721.24565
1594,1866.9853
1595,8694.075205714287
1596,3193.8758
1597,6009.64485
1598,22220.2317
1599,5455.4765
1600,56695.08785
1601,11610.5005
1602,11939.49435
1603,6043.7685
1604,11381.24925
1605,7750.971366666668
1606,57456.74931
1607,4563.38905
1608,6585.29265
1609,4954.64
1610,51030.86085
1611,3871.09
1612,5253.43755
1613,5601.4731
1614,5105.67535
1615,51514.59455
1616,49786.1254
1617,49942.3808
1618,4898.32625
1619,6009.110711666667
1620,54129.90025
1621,64955.8504
1622,4811.1695
1623,4347.57365
1624,3687.0909
1625,4633.9868
1626,6393.5529
1627,70551.381
1628,9685.87125
1629,47368.8135
1630,55670.87145
1631,9547.6845
1632,5163.398363333333
1633,9503.675923333334
1634,6241.4013
1635,8299.4121
1636,7424.5001
1637,11895.370283333334
1638,8760.69315
1639,5284.9809
1640,5897.43295
1641,73188.48715
1642,13392.1298
1643,13848.811914285714
1644,6476.20995
1645,59729.924
1646,6462.99425
1647,59247.60395
1648,45197.5112
1649,5614.2736
1650,13838.8713
1651,57719.76385
1652,11630.6045
1653,56142.26825
1654,2322.12105
1655,15591.4728
1656,4652.1961
1657,5800.6268
1658,56668.82
1659,4594.6197
1660,6067.83015
1661,50928.857260000004
1662,6416.452
1663,5626.13585
1664,56310.071220000005
1665,5465.56965
1666,4113.9529
1667,10949.17325
1668,9409.104891666668
1669,4539.39245
1670,49296.53655
1671,54997.7089
1672,5390.2479
1673,4761.1921
1674,12350.2975
1675,32955.01325
1676,60497.32625
1677,2000.28915
1678,54328.34005
1679,5300.47335
1680,56462.07715
1681,5356.7559
1682,55490.715
1683,4227.0907
1684,6803.7484375
1685,4908.492
1686,3564.66845
1687,3630.6732
1688,6441.79465
1689,2058.5934
1690,1657.9839
1691,5531.32565
1692,5122.69175
1693,4852.74875
1694,55937.1933
1695,2685.2216
1696,3926.7845
1697,6404.02165
1698,3839.9055
1699,54745.6848
1700,6881.9147
1701,5280.8181
1702,6039.64035
1703,5705.539633333334
1704,2923.02875
1705,9220.83035
1706,6854.3737175
1707,5729.46595
1708,4484.9004
1709,7466.54535
1710,4783.7014
1711,6767.80375
1712,15993.313033333334
1713,6286.01925
1714,5881.000291666666
1715,53920.43925
1716,5709.4916
1717,4324.9839
1718,8817.481633333335
1719,2500.98295
1720,54614.3907
1721,22636.97425
1722,5940.1467
1723,6145.51205
1724,7359.8144
1725,68719.1784
1726,52830.80655
1727,5943.665
1728,49278.12175
1729,5570.2929
1730,4430.29245
1731,61571.20975
1732,6112.16465
1733,18357.0674
1734,5486.12455
1735,5957.8834
1736,39278.27065
1737,53407.67255
1738,11969.3876
1739,2708.13365
1740,4321.87805
1741,6000.8239
1742,1628.83295
1743,2349.6286
1744,5286.1667
1745,5810.30635
1746,2681.71375
1747,12653.7767
1748,4609.5533375
1749,53309.2951
1750,6100.62715
1751,50438.61865
1752,10765.4655
1753,4887.75145
1754,68199.0825
1755,6090.47575
1756,44461.72945
1757,54852.733025
1758,7740.52915
1759,61834.4808
1760,26250.72185
1761,57252.91255
1762,7428.9324
1763,5304.063
1764,2126.6456
1765,8776.1408
1766,1946.95165
1767,4926.9408
1768,5913.15025
1769,11564.30255
1770,6395.6585
1771,6361.1283
1772,12926.45085
1773,57727.3927
1774,3504.1547
1775,58555.38495
1776,8106.762333333333
1777,4465.89515
1778,9862.50835
1779,1243.87485
1780,54580.2541
1781,11566.0931
1782,4752.9496
1783,75095.4335
1784,5167.2970625
1785,48049.11475
1786,6510.56085
1787,7475.2977
1788,6610.6133
1789,6639.55445
1790,2558.87205
1791,4319.65835
1792,13457.2132
1793,3999.8162
1794,8099.59765
1795,10557.60425
1796,6894.8975
1797,5126.4861
1798,67554.12715
1799,1823.6809
1800,5597.56135
1801,4711.9839
1802,5938.797776309524
1803,2792.65905
1804,61924.356916666664
1805,11198.46285
1806,2762.20545
1807,7415.16455
1808,7981.68955
1809,6744.5449
1810,67182.58165
1811,6075.11295
1812,5395.4065
1813,80618.6963
1814,6540.93975
1815,7976.2847
1816,5437.238319166667
1817,61448.57755
1818,4605.992558333333
1819,2029.1557
1820,5407.432016666667
1821,8714.1099
1822,52188.9301
1823,27896.4256
1824,8781.2741
1825,11872.63695
1826,6601.0655
1827,14096.84115
1828,53552.35475
1829,18559.558025
1830,6356.65215
1831,22206.6112
1832,44903.2492
1833,5410.00115
1834,4400.9434
1835,27985.25865
1836,1568.6881
1837,6424.4538
1838,5017.05635
1839,12239.171
1840,72380.0687
1841,6071.07265
1842,51780.97625
1843,57855.732625
1844,14402.03495
1845,18727.26045
1846,5619.61955
1847,5380.96935
1848,6420.6167
1849,8702.563852500001
1850,7231.6273
1851,10331.7102
1852,5899.80575
1853,4514.2096
1854,11782.02
1855,5975.31695
1856,5400.87005
1857,57525.8463
1858,10807.10135
1859,6695.47865
1860,10942.42035
1861,5183.9576
1862,52274.7201
1863,4439.7129
1864,3856.74335
1865,62488.87285
1866,12515.77815
1867,5425.671766666666
1868,5364.074625
1869,4173.2573
1870,6490.8353
1871,3857.86735
1872,68999.28365
1873,11586.117425
1874,8110.69625
1875,6047.5327225
1876,6510.2438
1877,15704.262712023812
1878,44155.76335
1879,4925.18625
1880,2594.34005
1881,13603.2342
1882,9388.1155
1883,10534.3119
1884,5972.03065
1885,2822.16735
1886,2548.4653
1887,51892.27815
1888,8516.298633333334
1889,4792.8727
1890,58157.69715
1891,5937.057581666666
1892,5713.1558
1893,4581.43705
1894,5462.2581
1895,6083.17355
1896,54522.2945
1897,11209.56595
1898,1891.8411
1899,4766.1832
1900,8557.30845
1901,4971.67295
1902,5655.22025
1903,8068.39295
1904,5334.1840125
1905,13308.685197499999
1906,46655.3738625
1907,1826.40085
1908,6378.11015
1909,5833.49095
1910,3579.2146
1911,11483.72075
1912,7854.6039
1913,4407.5434
1914,13074.90705
1915,6611.8994
1916,6298.6681
1917,42845.30915
1918,6059.29895
1919,4952.8053
1920,6456.22116
1921,6223.55395
1922,63681.6114
1923,2522.60425
1924,65163.26154
1925,4936.0812
1926,3541.4651
1927,56316.03555
1928,6876.811380000001
1929,5151.7205
1930,2299.24695
1931,8828.6862
1932,6242.8384
1933,10845.1056
1934,15157.00615
1935,3253.74325
1936,63761.676
1937,6597.05905
1938,6237.96785
1939,4539.47185
1940,2475.44305
1941,52061.1919
1942,11062.865675
1943,7726.44415
1944,5977.7238
1945,49533.44565
1946,2571.298
1947,14545.89015
1948,4836.61835
1949,5325.02725
1950,9097.537733809522
1951,2718.33275
1952,8084.25635
1953,50055.1863
1954,10683.6801
1955,61753.27125
1956,14232.9152
1957,5102.931925
1958,52889.74845
1959,5226.68695
1960,5360.24695
1961,49892.0008
1962,7649.3587
1963,48537.69695
1964,55925.905
1965,3987.77625
1966,34725.29315
1967,8988.5009
1968,3224.1088
1969,14759.2139
1970,5726.47765
1971,4369.2208
1972,2372.4693
1973,40046.36185
1974,3503.868
1975,12491.03483
1976,3916.92775
1977,5955.30395
1978,51770.9627
1979,4461.08
1980,6244.5876
1981,4934.70915
1982,61316.9332
1983,33272.3072
1984,5094.8789
1985,66360.60065
1986,56551.32485
1987,11068.326216666666
1988,48938.83475
1989,56552.8988
1990,48803.57515
1991,6483.38925
1992,5434.0464
1993,6032.42515
1994,3750.4125
1995,2247.26715
1996,1758.6519
1997,12534.1054
1998,5016.032566666667
1999,1808.6678
2000,6654.785186666668
2001,64006.51435
2002,4255.28825
2003,3449.312
2004,66810.81565
2005,2412.77655
2006,6628.858191666667
2007,46759.8701
2008,30916.96026666667
2009,61907.12815
2010,10661.4632
2011,5329.282142499999
2012,5796.8133
2013,4798.10345
2014,12977.34555
2015,12274.1961
2016,12179.87775
2017,9049.3389
2018,11499.5163
2019,11054.60095
2020,4053.23415
2021,10565.9456
2022,6308.3479
2023,5387.9422
2024,9801.0177
2025,14810.75115
2026,9717.1452
2027,2420.7564
2028,5964.45785
2029,6796.56965
2030,4033.1853625
2031,17106.47255
2032,49821.7977
2033,3376.2943
2034,31801.541866666663
2035,44929.04595
2036,6334.93955
2037,3551.715
2038,53555.9654
2039,64477.13286166664
2040,56585.85125
2041,58536.9843
2042,6554.60305
2043,4492.9553
2044,7301.82895
2045,51940.6297
2046,57675.20445
2047,39939.4917
2048,4342.6146
2049,5955.6743
2050,4958.94395
2051,2524.51275
2052,36539.975366666666
2053,55659.034
2054,6581.25895
2055,48841.57725
2056,48880.7495
2057,61408.9741
2058,6641.9188
2059,4016.0515
2060,4455.7449
2061,67208.88065
2062,4723.86805
2063,5424.98445
2064,5795.3997
2065,6158.140554166667
2066,5380.40795
2067,6830.0937
2068,8963.44565
2069,8090.947530833335
2070,5233.02145
2071,3144.51115
2072,62829.58625
2073,4420.99065
2074,5150.2423
2075,65722.329
2076,12706.9474
2077,2188.4244
2078,7478.0361
2079,6105.1912
2080,4598.8606225
2081,48798.60455
2082,5655.5911
2083,4895.75705
2084,1911.6904
2085,49839.70555
2086,5270.9635
2087,67741.18865
2088,67561.46506222221
2089,4334.23975
2090,3689.5702
2091,12882.06885
2092,4983.75265
2093,3176.81785
2094,57258.49305
2095,12231.8223
2096,59265.95675
2097,12854.36075
2098,6741.909459166667
2099,53633.8937
2100,7978.3748
2101,8128.34075
2102,3547.4853
2103,70244.46305
2104,62192.86985
2105,49669.47555
2106,5391.23995
2107,7821.75275
2108,4976.26385
2109,10919.663
2110,55032.56555
2111,4607.1149
2112,7690.83005
2113,3833.96295
2114,59315.82755
2115,6502.97505
2116,44260.23505
2117,5299.1492
2118,4815.97135
2119,43498.49235
2120,5221.9726
2121,49266.61915
2122,6357.5161
2123,46710.6399
2124,7591.1861375
2125,66111.48619
2126,3913.6031
2127,50045.1452
2128,3270.1299
2129,56408.1149
2130,5956.2
2131,50609.69575
2132,59139.3813
2133,3806.47075
2134,5286.4826
2135,3462.39605
2136,4168.89455
2137,6122.5252125
2138,47326.68175
2139,5378.84965
2140,7989.354641666666
2141,5290.89815
2142,55840.205
2143,7388.8615
2144,53549.63215
2145,4312.0364
2146,5652.92325
2147,4857.414966785714
2148,4515.2051
2149,9479.46175
2150,7136.58895
2151,6338.12045
2152,7901.791
2153,47844.5623
2154,48857.4379
2155,32118.4954
2156,4987.49785
2157,14025.5986
2158,14405.26265
2159,10708.02585
2160,7686.4753
2161,50834.47285
2162,4225.8882
2163,53267.2316
2164,10298.3585
2165,7957.47845
2166,4403.84505
2167,41402.37495
2168,56802.28345
2169,6289.715975
2170,5464.9389
2171,50351.9604
2172,4059.8136
2173,5291.96475
2174,3003.76595
2175,5663.37215
2176,40573.1406
2177,48475.48355
2178,54908.53385
2179,5914.80925
2180,63727.33524000001
2181,3512.6451
2182,39126.6253
2183,43835.5079
2184,4791.7666
2185,6286.6794
2186,10039.131916666665
2187,14689.19855
2188,8277.95325
2189,6294.3907
2190,9472.855225
2191,51837.42615
2192,6844.00775
2193,6474.4582
2194,2351.16275
2195,5168.177752142857
2196,57601.510715
2197,62244.9591
2198,55816.91885
2199,3191.20125
2200,4315.82405
2201,5144.15415
2202,5706.0611
2203,6636.031
2204,8575.8094
2205,5053.694048571428
2206,3941.6127
2207,73634.395
2208,5006.9917
2209,66165.8996
2210,11057.9891
2211,12811.10815
2212,49199.3503
2213,64802.0471
2214,10989.36925
2215,4956.2356
2216,6575.90115
2217,59688.205531666674
2218,58161.7882
2219,3121.48615
2220,52955.90425
2221,5985.4897
2222,3139.08415
2223,5963.0296
2224,4666.0904
2225,3672.028
2226,6330.34495
2227,5357.1448
2228,11658.8690875
2229,11463.09685
2230,4619.65145
2231,3571.10865
2232,59091.2868
2233,14305.36595
2234,6462.6188
2235,54826.728
2236,5843.009174999999
2237,11570.898311607141
2238,4402.4417
2239,7096.17255
2240,55254.29765
2241,10276.5748
2242,5996.21975
2243,53223.1193
2244,2150.0192
2245,5084.91475
2246,8977.3253
2247,4103.11845
2248,6963.9441
2249,5244.7342
2250,6344.66
2251,10774.47165
2252,52928.74455
2253,9626.55815
2254,41656.48145
2255,4177.2422
2256,6003.89855
2257,3204.11725
2258,6062.3767
2259,6144.5907
2260,7578.7365875
2261,7619.98185
2262,10297.4441
2263,10465.2174
2264,7317.53735
2265,2972.6075
2266,33527.23415
2267,44617.98605
2268,11043.51905
2269,5840.33315
2270,4908.7931
2271,3373.1303
2272,5340.935
2273,2116.99055
2274,43420.3134
2275,50707.63245
2276,2933.54045
2277,10571.4033
2278,2481.50105
2279,7528.99235
2280,42173.7371
2281,4354.516375
2282,67374.95565
2283,60538.8314
2284,9053.45125
2285,8990.10685
2286,47220.5815
2287,62883.43405
2288,3342.46095
2289,5850.01955
2290,3487.423
2291,4798.5104
2292,2305.6261
2293,17148.9978625
2294,9561.8365
2295,5493.84945
2296,6774.16695
2297,28130.44405
2298,6640.35275
2299,10260.7004
2300,3476.5935
2301,45293.4215
2302,5139.39145
2303,53694.43085
2304,8247.958
2305,46088.5168
2306,8277.67095
2307,16996.80855
2308,65341.29945
2309,4397.8873
2310,10252.123675
2311,57625.93195
2312,12016.847475
2313,46629.2854
2314,5153.5833
2315,14944.3573
2316,5839.171380000001
2317,54523.3228
2318,22817.4743
2319,11836.69985
2320,6761.4521
2321,56459.78535
2322,3424.7001
2323,16505.641425
2324,9170.600709999999
2325,6115.427005
2326,5666.601
2327,11195.097557500001
2328,37024.37825
2329,6615.8188
2330,5884.82275
2331,47754.9836
2332,11107.7706
2333,6824.25175
2334,11181.273
2335,51480.2226
2336,51589.48355
2337,53892.11185
2338,2790.3393
2339,40191.72845
2340,9140.993625
2341,41960.1613
2342,4853.3495
2343,44457.22055
2344,6419.04915
2345,53649.0146
2346,4566.2378
2347,7987.2889
2348,11061.41505
2349,6166.60885
2350,54042.37935
2351,4210.74035
2352,4526.0693
2353,5177.54545
2354,2325.6257
2355,4998.592
2356,55028.8364
2357,55463.14635
2358,4628.56285
2359,5690.600081071429
2360,7501.872510714286
2361,60034.846
2362,63578.34065
2363,4663.18275
2364,51802.2076
2365,6822.73625
2366,61866.11025
2367,4414.15345
2368,76399.5369
2369,64712.87825
2370,6257.107
2371,6842.5116
2372,4735.16819375
2373,5911.6854
2374,4457.83825
2375,4025.98535
2376,49909.66195
2377,11888.9651
2378,55308.5666
2379,4630.9191
2380,25691.408916666667
2381,4194.98425
2382,10544.1038
2383,88133.61115
2384,7192.8749
2385,11392.92445
2386,55496.06775
2387,5025.49245
2388,5880.7793
2389,3282.1261
2390,43096.2166
2391,5534.50265
2392,11676.70645
2393,7821.6268
2394,13324.748797499999
2395,22266.0394
2396,45261.904
2397,4520.3182
2398,10197.16455
2399,6370.7705
2400,13890.05505
2401,61076.19235
2402,4679.202
2403,31112.22615
2404,44567.1273
2405,6172.2325
2406,5091.0115
2407,4827.95535
2408,10238.3362
2409,9974.46835
2410,41932.1138
2411,6573.06545
2412,6557.862365
2413,2958.00085
2414,61732.81223333334
2415,9694.97215
2416,43446.89845
2417,10679.16905
2418,5395.13985
2419,5606.4724
2420,6090.8304
2421,8404.85805
2422,64456.58615
2423,4495.33515
2424,2423.7787
2425,4974.5949
2426,63319.3014
2427,5442.317
2428,54163.5127
2429,60916.37255
2430,12795.331
2431,22209.8631
2432,66668.1499
2433,7598.51445
2434,6113.81145
2435,7998.9712
2436,4762.59125
2437,53847.1705
2438,49997.53095
2439,5109.5362
2440,51905.28515
2441,4226.10575
2442,7160.8504
2443,6009.4064
2444,2452.72285
2445,2963.9529
2446,10710.363995
2447,7534.3082
2448,7945.956
2449,4683.29495
2450,5844.95525
2451,3860.7364
2452,10415.5394
2453,7502.63595
2454,49660.0699
2455,12832.0165625
2456,54235.07915499999
2457,23848.1423
2458,12562.13945
2459,41383.7106
2460,48899.9396
2461,6945.3217
2462,6084.3936
2463,5764.6714
2464,7819.9763277777865
2465,4433.27705
2466,2374.0564
2467,5561.810530833333
2468,5865.8896
2469,5315.66865
2470,5635.4696
2471,7908.837
2472,4390.0736
2473,4716.03155
2474,4524.3379
2475,8234.0815
2476,4756.7504
2477,4097.6721
2478,11967.235739999998
2479,73351.71935
2480,4883.0594
2481,32328.5095
2482,6099.2072
2483,65103.1411
2484,52209.5205
2485,60092.4336
2486,5829.18795
2487,5557.92845
2488,53726.64495678573
2489,2487.49435
2490,8092.58235
2491,58239.7528
2492,14635.838146666667
2493,5129.6314
2494,4638.5508
2495,4761.1345
2496,5505.26685
2497,2441.757
2498,10754.93075
2499,66406.4057
2500,3696.4126
2501,51940.8567
2502,10456.40895
2503,3127.7583
2504,15938.5194
2505,51011.46905
2506,2716.4914
2507,17579.85075
2508,9123.49682
2509,4130.32295
2510,5826.79145
2511,51291.23065
2512,10630.4837
2513,3554.03935
2514,6030.35095
2515,13765.4571
2516,4596.12755
2517,2808.73115
2518,53020.6081
2519,64343.7156
2520,60382.5337
2521,4731.9672
2522,76646.92475
2523,55854.54825
2524,57689.5257
2525,66146.7186
2526,6703.28905
2527,6866.38355
2528,14168.5109
2529,3834.8323
2530,7776.088055833334
2531,57192.75635
2532,60394.12395
2533,4872.84525
2534,55201.2968
2535,7792.6094
2536,7321.2899
2537,4431.23505
2538,8385.139325
2539,2800.26075
2540,54856.6213
2541,11990.8194
2542,12128.1789
2543,35307.4036
2544,22447.3376
2545,5094.48485
2546,54618.16225
2547,6201.375
2548,2158.51715
2549,48741.7424
2550,6486.84985
2551,4587.268277619046
2552,8249.8554
2553,6661.2949
2554,46054.5204
2555,64016.69425
2556,8539.55185
2557,6131.5936
2558,3167.3938
2559,3288.6947
2560,8052.2005
2561,6734.88365
2562,6113.99455
2563,15827.85205
2564,4458.55085
2565,14234.77265
2566,14821.915725
2567,3899.2046
2568,8031.1312
2569,9141.24205
2570,49174.3033
2571,64152.34149333334
2572,2128.4536
2573,2900.2797
2574,51341.8602
2575,5448.20115
2576,47428.01395
2577,66385.5231
2578,7799.23775
2579,3762.5324
2580,67283.68987208337
2581,52617.8286
2582,57840.74655
2583,47130.1877
2584,5315.30425
2585,6134.99475
2586,5484.244
2587,49901.4405
2588,5280.43205
2589,5028.0481
2590,5783.7562
2591,4073.68925
2592,3131.7316
2593,5987.037175
2594,43586.5608
2595,9889.42055
2596,36413.42426666666
2597,12649.2972
2598,62477.4817
2599,5525.5141
2600,71441.91605
2601,11692.6909
2602,3845.2314
2603,68126.5761
2604,4452.20065
2605,15904.263525
2606,56048.3041425
2607,6681.35905
2608,5831.87705
2609,4632.62925
2610,4946.88315
2611,9446.56375
2612,13146.21025
2613,3418.5046
2614,5963.35095
2615,46008.80105
2616,6485.56395
2617,5889.8065
2618,67241.6527
2619,14426.8938
2620,9456.002800000002
2621,2542.0645
2622,4033.30075
2623,7110.64635
2624,57342.0522
2625,57950.75395
2626,6143.7998
2627,63912.1847
2628,53521.68785
2629,55519.97155
2630,8686.85455
2631,5302.38155
2632,4016.1547
2633,56292.22255
2634,10383.77115
2635,3189.81655
2636,3808.6808
2637,6958.310439166667
2638,62689.02135
2639,13082.39965
2640,6006.8104
2641,3989.7851
2642,53741.0347
2643,41086.11595
2644,4076.18695
2645,4553.0524
2646,2572.0343
2647,33459.737
2648,9790.664261309523
2649,5794.3951
2650,58198.60795
2651,58495.78985
2652,2384.93095
2653,6454.7767
2654,3989.66935
2655,5049.3702
2656,4963.03845
2657,52570.11645
2658,54721.58615
2659,49899.5516
2660,49199.08275
2661,61984.25855
2662,2357.15235
2663,55315.87507607143
2664,7280.292216666667
2665,5716.3913
2666,45983.34255
2667,55106.25755
2668,54595.83535
2669,59814.4621
2670,3804.4039
2671,13297.7593
2672,5242.7422
2673,9829.52225
2674,4452.250950833333
2675,7311.2009
2676,5774.0133
2677,3626.36725
2678,3487.29495
2679,2504.0654
2680,5691.46035
2681,4763.57185
2682,7354.3368
2683,3074.1261
2684,6418.54275
2685,5258.9231
2686,6239.15315
2687,62668.84565
2688,50397.17705
2689,12602.2468
2690,13920.747775
2691,27188.37365
2692,4442.80425
2693,6408.99665
2694,2601.3576
2695,9841.17785
2696,3435.3454
2697,8273.9375
2698,12249.0307
2699,60477.215320833326
2700,51349.15325
2701,45504.80715
2702,3102.92605
2703,8316.37295
2704,4494.6853
2705,14074.59505
2706,5805.011
2707,38785.4692
2708,49795.6328
2709,6020.58425
2710,51421.35815
2711,4840.23235
2712,5027.9608
2713,4625.6098
2714,56430.86535
2715,7930.035625
2716,4716.2303
2717,59672.6973
2718,4144.67445
2719,5757.198783333333
2720,6130.88015
2721,3099.4231
2722,12662.609189761903
2723,62715.41
2724,16233.0730875
2725,2651.50655
2726,2816.93595
2727,6192.9305669047635
2728,5713.87315
2729,2797.0061
2730,11850.792618333333
2731,52940.9834
2732,2904.58295
2733,7298.63045
2734,51896.829
2735,5219.42605
2736,7729.048881785715
2737,49723.0937
2738,4772.2654
2739,59300.7132
2740,5658.5814
2741,9537.739077777778
2742,6668.15785
2743,64341.78197249999
2744,5830.4809
2745,54624.4502
2746,6465.3522
2747,5505.09028125
2748,58418.4332
2749,5549.9676875
2750,11103.77305
2751,58833.3312575
2752,6740.14025
2753,68719.7971
2754,6126.6471
2755,5614.145119999999
2756,6216.5894
2757,60906.6477
2758,3328.344
2759,42345.10185
2760,7029.80745
2761,51786.4806
2762,18228.00035
2763,6330.35225
2764,49348.44015
2765,12979.519690357141
2766,8790.53735
2767,7218.0901
2768,50125.177
2769,10353.266925
2770,51667.5474
2771,3235.63075
2772,2790.4574
2773,3308.27425
2774,3250.3003
2775,10595.75635
2776,7257.0436
2777,8025.5058
2778,12695.65025
2779,9179.866738333332
2780,53318.0437
2781,46818.8826
2782,8782.0823625
2783,9053.828756666664
2784,12177.37185
2785,6757.66255
2786,3930.1464
2787,8348.42395
2788,6634.944766845241
2789,6305.33985
2790,3094.60775
2791,2348.77205
2792,1885.447
2793,52478.066
2794,4502.49425
2795,51262.2777
2796,7819.46285
2797,11427.5492
2798,5907.91315
2799,47981.51015
2800,6553.61615
2801,5414.84945
2802,4153.0335
2803,28628.15695
2804,3465.44925
2805,6154.7805
2806,57877.532
2807,66145.21135
2808,4651.8094
2809,53076.123055000004
2810,6129.0574
2811,4974.0693
2812,6493.34275
2813,12032.6425
2814,1755.8889
2815,6986.56835
2816,8063.958658333334
2817,7273.085
2818,5623.242
2819,3113.12425
2820,3738.79045
2821,8063.9533
2822,5253.08705
2823,4088.29845
2824,5683.240475
2825,2702.71805
2826,7013.50255
2827,5155.459
2828,54911.599485
2829,7011.1882
2830,5551.78805
2831,2394.37195
2832,6472.5794
2833,4544.89535
2834,4939.866175
2835,9367.61025
2836,1774.5341
2837,8137.61405
2838,50341.1357
2839,60444.2504
2840,5708.8928
2841,44510.9284
2842,49178.2820375
2843,53319.89945
2844,55046.9023875
2845,3140.7607
2846,5201.06355
2847,22253.2719
2848,7539.273155000001
2849,2977.1259
2850,48110.34045
2851,5589.8613
2852,6290.885
2853,53275.48025
2854,55264.5053
2855,14357.2433
2856,9837.8881
2857,50790.53305
2858,5164.87755
2859,17950.5548
2860,5687.36865
2861,5374.012525
2862,7336.06175
2863,4839.5238
2864,59090.023857500004
2865,2996.78425
2866,2707.98135
2867,5629.52395
2868,14458.88245
2869,53205.6485
2870,11930.74035
2871,49361.0577
2872,55342.35015
2873,10678.0325
2874,12451.62155
2875,6626.6348
2876,6339.43815
2877,5491.26935
2878,7377.88055
2879,10679.93525
2880,34455.3903
2881,2637.5554
2882,51733.74845
2883,45579.58465
2884,7256.363125
2885,3699.403
2886,48255.20615
2887,6691.611533333334
2888,24516.9845
2889,3098.367
2890,1764.5363
2891,5642.57445
2892,43457.3895
2893,6109.13605
2894,4409.35415
2895,7865.2259
2896,15857.84065
2897,5523.7689375
2898,4275.1997
2899,12766.6850925
2900,6578.8466
2901,4431.63805
2902,55440.8569
2903,11900.405185
2904,51679.919
2905,5429.34915
2906,48718.89335
2907,6773.8017125
2908,52922.3818
2909,46027.07205
2910,10009.5257
2911,6162.0143
2912,5891.4249625
2913,5810.41395
2914,56023.6587
2915,6459.08595
2916,5932.2531
2917,5173.2281
2918,8504.8093
2919,58064.0657
2920,13063.0444
2921,3101.32505
2922,7979.9686
2923,13515.3295
2924,45785.1731
2925,16490.44285
2926,7910.733225
2927,6143.64505
2928,7813.1858
2929,40845.954
2930,10380.26065
2931,17247.257075
2932,5612.99425
2933,69175.3638
2934,18256.43625
2935,56123.734125
2936,50124.011365
2937,8170.6824
2938,7331.40495
2939,5624.4391
2940,4611.4344
2941,55504.7412
2942,5998.7435
2943,6915.82805
2944,2608.84735
2945,14801.061375
2946,63560.0455
2947,12455.5198125
2948,43716.4976
2949,4441.3132
2950,5753.96235
2951,6318.78355
2952,7621.5768
2953,56683.37045
2954,17683.1146
2955,52804.50355
2956,11708.2184
2957,5244.44615
2958,5842.99395
2959,6745.4225
2960,7092.5563
2961,3850.3703
2962,4001.18115
2963,10302.13195
2964,8198.57715
2965,49489.1197
2966,3964.83415
2967,5177.85455
2968,55568.90095
2969,4957.06095
2970,17863.258
2971,6736.0025
2972,7637.23835
2973,2629.8484
2974,9596.769034166668
2975,45351.05825
2976,54202.0016
2977,15391.1443
2978,4794.50155
2979,6168.18915
2980,6028.086333333334
2981,5600.318841666666
2982,52116.901
2983,12348.39935
2984,58373.8087
2985,4950.78165
2986,6123.27485
2987,8267.82485
2988,64242.24085
2989,12373.445034642864
2990,3920.55775
2991,58418.47385
2992,47203.5819
2993,2349.26035
2994,4356.6267
2995,3220.1347
2996,45691.85535
2997,6010.153
2998,45304.1493325
2999,6101.91665
3000,5166.49305
3001,5554.457905
3002,59514.8775
3003,3473.76245
3004,6097.64955
3005,3011.45385
3006,47827.08385
3007,6583.3262
3008,54827.37215
3009,7471.4311104166645
3010,63989.0229
3011,7658.9363
3012,4712.5214
3013,2376.71465
3014,42693.60135
3015,45249.602
3016,46049.08525
3017,67680.878
3018,57977.12605
3019,9567.88535
3020,3312.8267
3021,5291.5316
3022,3936.9116
3023,3051.975
3024,7216.59835
3025,5215.865
3026,6785.3915
3027,59973.295876666656
3028,6187.83165
3029,7555.5672
3030,5835.21555
3031,4061.1187
3032,6067.1809
3033,59319.99075
3034,6012.2811
3035,48377.98345
3036,3903.6993
3037,5929.07425
3038,4755.8026
3039,16310.53475
3040,44504.5576
3041,5783.6750600000005
3042,12851.4192
3043,4136.04395
3044,4068.75465
3045,6834.22395
3046,4443.7097
3047,61899.82465
3048,11370.3055
3049,66115.17795
3050,2286.63765
3051,44929.5971
3052,56736.95875
3053,6204.32065
3054,54304.5083
3055,49985.31165
3056,3252.3433
3057,9473.33155
3058,60394.9972
3059,2359.469
3060,4009.81755
3061,55251.76895
3062,5442.14365
3063,2677.42895
3064,12158.0838
3065,6431.65295
3066,34556.14445
3067,4645.45565
3068,2266.74195
3069,7082.98165
3070,10036.407207619048
3071,6201.97116
3072,55186.6347
3073,6802.832778571428
3074,2637.38545
3075,5167.1517183333335
3076,46858.238125
3077,10455.1984
3078,3892.3348
3079,2463.59485
3080,3391.5712
3081,55171.4248
3082,14413.7951
3083,11336.754275
3084,7526.77805
3085,13006.689390000001
3086,12400.2909
3087,10675.513735158736
3088,4498.8778
3089,4629.21515
3090,7495.55755
3091,5802.3868
3092,7537.858
3093,6181.7391
3094,5681.3832
3095,4371.7256
3096,6141.2846
3097,7555.7043
3098,53760.29895
3099,7017.30325
3100,5985.2935
3101,56951.14025
3102,34643.36055
3103,5496.00345
3104,7590.26225
3105,6904.7235125
3106,20002.7529
3107,54019.09605
3108,47799.832
3109,6204.55965
3110,57885.7892
3111,48621.21295
3112,5763.88255
3113,5328.3302
3114,2376.49215
3115,48289.3941
3116,3361.8371
3117,11201.506475
3118,4027.429989642856
3119,8286.88275
3120,58837.2475
3121,61605.069136666665
3122,54177.2592
3123,2970.44385
3124,63310.0693
3125,32169.60265
3126,4571.8074
3127,8206.80715
3128,57274.57085
3129,56248.63275
3130,2282.90305
3131,6571.23555
3132,12569.31905
3133,4213.9895
3134,2379.20315
3135,6218.2776
3136,65865.11568333332
3137,59619.82105
3138,11221.99835
3139,5202.14865
3140,50476.6896
3141,4502.9702
3142,50082.2131
3143,46502.00595
3144,5111.45725
3145,13067.26765
3146,50642.30385
3147,3417.869
3148,4361.05715
3149,6759.7981
3150,2189.00935
3151,59205.989
3152,6705.9223
3153,14885.95025
3154,52193.74835214286
3155,6404.361956666665
3156,5125.7221
3157,5049.18155
3158,5940.4653
3159,5834.3567
3160,11394.868741666667
3161,4257.6627
3162,43356.3972
3163,80682.74405
3164,7235.0581
3165,14126.563675
3166,6128.7833
3167,1998.98395
3168,47489.01925
3169,7389.84845
3170,6466.40885
3171,5692.46375
3172,13304.20857
3173,11386.24613714286
3174,5983.3239
3175,5976.5563
3176,6634.4379
3177,4653.58295
3178,3760.82225
3179,7179.4543
3180,9999.05935
3181,64583.6741
3182,47697.6712
3183,16450.23095
3184,2379.8969
3185,3817.4918
3186,4508.09615
3187,4745.829
3188,7357.423
3189,4253.0628
3190,5921.31045
3191,55126.4198
3192,55489.5434
3193,48240.1174
3194,59679.86655
3195,53150.1981
3196,6073.74905
3197,4968.2736
3198,47738.11567964294
3199,73373.9199
3200,67083.98755
3201,11101.2407
3202,5350.8648
3203,8442.00625
3204,14138.0575
3205,31258.2709
3206,5700.77065
3207,61403.1686
3208,6477.23815
3209,73811.24575
3210,6487.898525
3211,5794.03495
3212,2918.44135
3213,5266.647473333333
3214,5945.23525
3215,54373.88525
3216,4454.29655
3217,25912.455
3218,6784.8072
3219,5195.09795
3220,35679.318133333334
3221,51344.60965
3222,4607.68595
3223,54293.20845
3224,5848.88265
3225,5664.7831
3226,57880.55175
3227,7056.2126
3228,4123.2746
3229,4820.92955
3230,6175.02235
3231,7770.47385
3232,5559.44475
3233,9367.8504
3234,5220.89805
3235,13188.9137
3236,2566.82125
3237,4317.9246
3238,6199.5469
3239,1831.99025
3240,4658.4837
3241,3707.2811
3242,5584.5594
3243,5456.103
3244,60977.74595
3245,42858.92215
3246,53508.90305
3247,54591.8298
3248,5352.142
3249,10363.788753333334
3250,9963.3347
3251,53574.838985
3252,5695.77705
3253,66939.8664
3254,5419.05785
3255,4528.5189
3256,6205.2209
3257,69231.9037
3258,54419.5033
3259,6348.07545
3260,4993.60165
3261,25083.584433333315
3262,2769.1862
3263,6095.5879
3264,13328.23027
3265,5849.71395
3266,3691.4017
3267,2938.14245
3268,4952.7211
3269,2518.9668
3270,7151.47085
3271,3399.4403
3272,15507.47435
3273,7110.4849
3274,5731.16485
3275,6227.2171
3276,21880.115
3277,3469.98915
3278,57466.809173333335
3279,50654.31715
3280,5440.867205833334
3281,6010.9878
3282,5571.54655
3283,7391.68455
3284,4487.16
3285,5558.33655
3286,5475.6199
3287,12508.234733333333
3288,4801.2276125
3289,13787.47875607143
3290,8446.93715
3291,52611.29395
3292,8684.26795
3293,11033.50435
3294,59450.87885
3295,56743.57765
3296,52871.26585
3297,5161.3993
3298,5940.179
3299,4867.24155
3300,4557.336820833333
3301,13240.404525
3302,7382.83095
3303,50013.12945
3304,4343.3329
3305,6031.29105
3306,5766.43912
3307,6167.8537
3308,50549.417
3309,4536.4572
3310,40139.70395
3311,5252.1195
3312,39641.1723
3313,14651.5836125
3314,5116.1639
3315,6003.9371
3316,28116.5814
3317,6549.6399
3318,11357.4327
3319,56537.44
3320,5535.12975
3321,2596.99195
3322,4930.84605
3323,4354.2178
3324,3504.5511
3325,7589.87285
3326,3451.7903
3327,43804.1853
3328,13023.436195
3329,4365.7845
3330,6426.7019
3331,12569.37872
3332,3085.35105
3333,6615.2058
3334,7614.821671666666
3335,53564.0063
3336,57970.83425
3337,13543.71315
3338,4679.83495
3339,61096.31885
3340,5112.5831
3341,9536.40945
3342,4539.37205
3343,2116.1235
3344,2464.6935
3345,43758.13585
3346,56530.2524
3347,12511.29365
3348,5004.7609
3349,66069.5576475
3350,59455.87451666668
3351,4566.981008333333
3352,6518.59295
3353,6053.56345
3354,4852.5198
3355,8524.83325
3356,6911.72205
3357,7309.2537
3358,12281.28935
3359,2847.8999
3360,56348.3163
3361,52055.02755
3362,4495.30145
3363,12011.96235
3364,2627.4256
3365,5350.76645
3366,7863.2465
3367,7856.793575
3368,12748.9276
3369,5491.2926
3370,7406.94785
3371,3410.5547
3372,2580.4482
3373,33036.31125
3374,7787.75145
3375,55120.03325
3376,38258.6632
3377,10152.2487
3378,4497.9318
3379,54466.91935
3380,54933.4962
3381,6377.9723
3382,2467.7337
3383,9975.5131
3384,2525.8701
3385,3120.3585
3386,64064.9178
3387,5824.6714
3388,13527.2432
3389,9326.921473333334
3390,4693.7405
3391,56737.93210499999
3392,36433.75885
3393,42676.38965
3394,66717.8193
3395,64713.06505
3396,56244.6306
3397,3378.2827
3398,2685.09545
3399,49523.80265
3400,5939.011
3401,61630.6573
3402,54584.3337
3403,11063.79225
3404,14944.88095
3405,19556.87285
3406,5927.881
3407,15129.114075
3408,5416.39555
3409,7830.87205
3410,55931.6355375
3411,4484.7702
3412,9469.31245
3413,2387.31735
3414,2303.34725
3415,40195.9088
3416,9492.823533333334
3417,53980.80815
3418,66724.9599934524
3419,6824.756553809523
3420,5583.3056
3421,6448.72925
3422,14686.76635
3423,4359.1122
3424,8912.318066666667
3425,53094.7376
3426,22177.3594
3427,18243.51295
3428,47792.1726
3429,6763.4027
3430,54076.93695
3431,3969.90405
3432,5001.9848
3433,11746.4083
3434,5329.9341
3435,4883.68765
3436,11934.9959075
3437,60749.916
3438,11702.52515
3439,5269.36275
3440,4795.953
3441,6365.8097
3442,10393.93935
3443,56080.9465
3444,5607.3818
3445,7738.8848
3446,49554.5219
3447,6227.14615
3448,6594.50265
3449,54419.25835
3450,5432.85895
3451,5748.89005
3452,4041.31145
3453,50670.50625
3454,3378.84435
3455,13163.32535
3456,52698.71865
3457,54719.44915
3458,12779.8457
3459,56503.6995
3460,50200.801
3461,2719.56035
3462,7057.5739
3463,2632.03865
3464,5589.7774
3465,60501.5887
3466,4620.0068
3467,4709.5924
3468,49711.9862
3469,62974.3115
3470,2105.59585
3471,43208.6665
3472,67246.7149
3473,57760.48145
3474,54537.1729
3475,22107.0244
3476,13729.8202
3477,3378.54755
3478,12120.63835
3479,63938.2811
3480,4097.9254
3481,5041.04285
3482,42598.69775
3483,43091.6404
3484,26766.7858
3485,62246.67605
3486,5845.27925
3487,12085.515420000002
3488,17100.30885
3489,5526.6042
3490,39640.22055
3491,9019.4934
3492,13466.7531
3493,31165.7341
3494,3053.8552
3495,8090.01213
3496,14242.46945
3497,7496.3936
3498,6999.823
3499,5281.0607
3500,5686.7194
3501,14390.93023214286
3502,62289.63625
3503,42672.7543
3504,15148.532
3505,55922.9453
3506,13728.60995
3507,5991.5039
3508,5842.21375
3509,3309.2484
3510,58383.714375
3511,3301.46785
3512,56073.8002875
3513,4511.16955
3514,51824.3949
3515,13943.0289
3516,2726.0508
3517,12535.666002857142
3518,12706.139550535714
3519,7718.5901
3520,5525.3463
3521,13011.14615
3522,6055.12985
3523,5622.491335
3524,4646.5142
3525,5673.9473
3526,6102.6304
3527,51305.29295
3528,5031.90935
3529,5583.8332
3530,5532.371975
3531,4481.4561
3532,8863.624936666665
3533,7696.168401071429
3534,2326.39425
3535,45963.84785
3536,42477.892
3537,4553.4766
3538,5318.543275
3539,5786.00525
3540,4562.0329
3541,3407.0897
3542,2593.28525
3543,7395.4978
3544,2314.33815
3545,4013.81915
3546,3975.5763
3547,4274.289
3548,31944.41995
3549,53042.7056
3550,47393.1191
3551,5829.666245833334
3552,5596.08165
3553,4175.8749
3554,47635.02575
3555,60244.6023
3556,5046.320774166667
3557,4884.9168
3558,5245.19105
3559,10050.23205
3560,60322.9081
3561,56025.61155
3562,7405.21945
3563,7370.8315
3564,2778.8839
3565,13553.753755000002
3566,2707.85425
3567,7250.013
3568,3727.22085
3569,4110.3232
3570,63405.56715
3571,2430.95675
3572,3837.8607
3573,6892.62785
3574,11097.2563
3575,61987.28346666666
3576,56782.234675
3577,13867.527325
3578,3843.252
3579,5331.422525
3580,57343.49425
3581,51814.6691
3582,72743.00685666666
3583,22234.18135
3584,33188.40985
3585,51413.0014
3586,4290.52485
3587,6384.79585
3588,54959.49175
3589,52493.3327
3590,13122.482225
3591,5227.20945
3592,65513.74635
3593,12639.09525
3594,6907.832937500001
3595,6869.69725
3596,11066.0709
3597,53938.0833
3598,7596.1222849999995
3599,51623.6405
3600,3177.61595
3601,3995.326
3602,6729.2717
3603,13031.8923
3604,7532.24785
3605,51344.94495
3606,7703.12125
3607,42718.53325
3608,57456.0381
3609,4752.06775
3610,5359.6595
3611,66833.0861
3612,12247.8785
3613,4759.1683
3614,63060.70355
3615,4680.44545
3616,12058.1426
3617,4289.9469
3618,13306.66265
3619,6976.95225
3620,4574.60125
3621,11378.5838
3622,49125.740825
3623,4462.0392
3624,7981.48555
3625,57729.19225
3626,27572.7028
3627,11573.3517
3628,6293.26985
3629,6200.0316
3630,3440.5394
3631,4862.11415
3632,10207.5933
3633,9079.0985
3634,10201.9144
3635,61268.4615
3636,11736.74055309524
3637,1798.3236
3638,3410.58185
3639,2834.3473
3640,3809.28885
3641,3592.11795
3642,5768.28905
3643,61079.2348
3644,5016.6729
3645,2771.23165
3646,5576.2418
3647,6598.3228
3648,44715.5294
3649,56636.4344375
3650,4526.6652
3651,7783.55435
3652,53964.2592
3653,6648.01315
3654,5470.3752
3655,11515.13615
3656,6218.2001
3657,3353.00435
3658,46329.9419
3659,3932.048375
3660,4423.68245
3661,55601.4659
3662,1831.84745
3663,59363.1635
3664,6396.9950125
3665,4706.52365
3666,45930.9171
3667,9057.244625
3668,12454.334818750001
3669,4882.51095
3670,15202.096742499998
3671,3038.54375
3672,49574.8577
3673,53932.2966
3674,2770.89945
3675,12628.58135
3676,9480.0087625
3677,3161.67055
3678,8991.067982499999
3679,3594.6894
3680,3850.95195
3681,64538.30125
3682,58833.6479
3683,6223.23285
3684,43130.12805
3685,57123.99245
3686,3328.3412
3687,4201.5527
3688,41878.87905
3689,61499.10045
3690,4896.82785
3691,6427.578148333333
3692,6536.0876
3693,9537.40905
3694,76307.4747955555
3695,6721.57425
3696,4187.9013
3697,4740.097133333334
3698,63796.56625
3699,59548.34045
3700,2410.00495
3701,16363.17258023809
3702,6287.915025
3703,1779.20325
3704,6088.8643
3705,5910.4681
3706,14473.9244
3707,9193.0523125
3708,4462.82285
3709,8695.55635
3710,42464.583
3711,56329.43305
3712,54331.09795
3713,14502.80475
3714,2931.46655
3715,6424.41775
3716,4929.27205
3717,8676.8819
3718,8873.693583333334
3719,5124.2233
3720,26097.7638
3721,4096.919275
3722,4136.816758333333
3723,6257.26025
3724,4446.81225
3725,63724.3843
3726,62253.28635
3727,4733.0465
3728,54954.3802
3729,12493.87945
3730,8365.9726
3731,7334.04815
3732,3179.910225
3733,4878.21805
3734,5002.1463
3735,54552.1102
3736,4065.6412
3737,11054.17775
3738,7905.8547
3739,6122.9084
3740,54000.4064
3741,60263.90545
3742,7714.7308
3743,7977.8244
3744,27728.76875
3745,53897.96465
3746,9533.70905
3747,66467.9509
3748,7840.3695
3749,10359.983
3750,7029.06615
3751,5187.736676785714
3752,51937.9949
3753,6677.73525
3754,68688.1874
3755,4911.7043
3756,31603.49355
3757,6832.5497
3758,7065.5914
3759,6959.0066
3760,9054.96755
3761,4664.6578375
3762,2071.4075
3763,61117.97865
3764,49139.66685
3765,3066.8394
3766,3334.7783
3767,2410.8053
3768,48106.04225
3769,53169.20625
3770,4857.45175
3771,7334.1782
3772,3366.1694
3773,6330.76135
3774,6658.6286
3775,3729.21495
3776,8058.88315
3777,5129.1644
3778,4899.0205
3779,4898.2233875
3780,41548.28085
3781,5651.95925
3782,13440.79225
3783,49245.55535
3784,10340.87945
3785,14386.9676
3786,54522.83385
3787,54079.3249
3788,57548.2483
3789,13654.91885
3790,3699.90675
3791,4452.91395
3792,56418.84025
3793,12328.81366
3794,39357.0829
3795,4860.84265
3796,5649.88145
3797,13790.7907
3798,40765.5728
3799,23656.7313
3800,5874.594
3801,5745.36825
3802,9899.6003
3803,28303.4668
3804,9769.8583
3805,7600.68305
3806,6351.948695714285
3807,5657.04635
3808,8354.60305
3809,5291.715
3810,56745.9432
3811,52847.2305
3812,52530.181675
3813,42845.60825
3814,10017.7427
3815,5642.87915
3816,2563.79855
3817,50024.30043571428
3818,45076.13115
3819,2346.65435
3820,3847.867
3821,7724.973625
3822,47788.2615
3823,2392.34545
3824,33637.42185
3825,6013.13985
3826,39921.37065
3827,42558.61365
3828,7227.31925
3829,12290.3063
3830,12168.5261
3831,6910.0925
3832,5398.2114
3833,5770.283
3834,5069.8156
3835,37071.2474
3836,3968.4885
3837,32774.40385
3838,48247.62045
3839,8344.65085
3840,2362.8763
3841,51700.42265
3842,62240.293275
3843,5618.79555
3844,28342.2327
3845,56904.72566999998
3846,5052.11765
3847,42246.7793
3848,6983.0404
3849,7611.60175
3850,3423.38665
3851,3159.37965
3852,5891.4141
3853,41578.95495
3854,7150.93315
3855,4890.23305
3856,56765.6003
3857,6680.66155
3858,6912.24575
3859,13402.3805
3860,5372.576
3861,11011.71705
3862,3132.7908
3863,44893.11415
3864,3860.57005
3865,43825.5156
3866,25700.3562
3867,7482.87445
3868,4495.4426
3869,18674.5691
3870,2996.78765
3871,48906.0381
3872,4422.6089
3873,8027.303
3874,31435.2339
3875,8326.66205
3876,6052.5026
3877,5928.4025
3878,6676.6508
3879,13028.9562
3880,49545.54515
3881,9607.9469
3882,7051.08345
3883,7075.37545
3884,6679.0821125
3885,56461.4322
3886,5366.89905
3887,27889.17925
3888,11075.755066666665
3889,2517.28965
3890,4933.336
3891,6142.3833
3892,5242.9114
3893,7390.37875
3894,10806.64005
3895,46459.45125
3896,1962.8653
3897,6100.19095
3898,2863.5584
3899,4997.72575
3900,6027.62075
3901,10146.2782
3902,6146.2129
3903,55492.09025
3904,49570.9642
3905,57177.99665
3906,3941.26358
3907,49555.2935
3908,60696.1023
3909,66354.5976
3910,5902.3951
3911,3005.9116
3912,3817.92425
3913,4372.202
3914,5297.2436
3915,17402.26605
3916,6841.8356
3917,6383.8309
3918,60147.059
3919,10323.9815
3920,67902.1876
3921,54467.573
3922,32597.16305
3923,4594.65855
3924,7641.1172
3925,60587.858409166685
3926,7155.40545
3927,2681.94435
3928,11330.506116666667
3929,5791.7173
3930,4467.1094
3931,4691.88165
3932,5447.2341
3933,3962.8787
3934,5851.16275
3935,4939.2139
3936,2244.73025
3937,6662.94095
3938,6924.15125
3939,4936.3902
3940,6488.8748
3941,5932.8548
3942,5444.8846
3943,46257.0838
3944,56203.533820000004
3945,2833.2923
3946,11495.852228333331
3947,7786.9707
3948,60489.072916666664
3949,5031.8693
3950,7529.0829
3951,3908.2885
3952,6354.18685
3953,9416.40265
3954,6846.82545
3955,2191.75265
3956,51066.6451
3957,12052.35255
3958,4285.81475
3959,7640.434
3960,5126.5339
3961,56394.2031
3962,5897.8673
3963,5738.8773
3964,56336.46915
3965,5592.89955
3966,5115.9212
3967,11553.996
3968,5084.2855
3969,4519.4409
3970,51739.48285
3971,3127.15675
3972,4009.7746
3973,7724.56645
3974,7097.05265
3975,5909.372
3976,41748.764
3977,45355.3498
3978,49234.85195
3979,4942.8841
3980,63928.78565
3981,54800.26865
3982,11720.0941
3983,42803.94695
3984,3936.4059
3985,5441.7937
3986,32448.883449999994
3987,52971.8557
3988,8743.3198
3989,27816.04654999999
3990,7548.15695
3991,4569.50735
3992,2909.63565
3993,5239.1016
3994,3886.4883
3995,3902.90025
3996,2791.3777
3997,55312.11805
3998,9449.4422
3999,5195.3176
4000,60646.36115
4001,50895.91315
4002,67902.5717
4003,6414.6443
4004,9829.352594166668
4005,4458.0873
4006,3647.8689
4007,14260.561328571426
4008,8847.74865
4009,4699.9387
4010,7424.28255
4011,7339.7697
4012,70735.8607
4013,4332.3808125
4014,58265.96485
4015,9483.953616666666
4016,5898.9375
4017,4527.1971
4018,31334.37195
4019,5411.74285
4020,58483.82105
4021,4168.18475
4022,56520.3976
4023,8212.04395
4024,6046.7773
4025,68541.86005
4026,10166.4381
4027,7177.56365
4028,44812.0303
4029,46880.02195
4030,55561.206125
4031,12306.695333333333
4032,56963.5714
4033,2629.5699
4034,3885.38195
4035,52004.895
4036,2604.02145
4037,12172.08385
4038,53527.41135
4039,5966.94485
4040,7115.118
4041,4635.5013
4042,4331.8132
4043,4008.0227
4044,17088.717775
4045,5871.2587
4046,8841.9702
4047,4897.8806
4048,6386.026
4049,4482.95825
4050,5729.94865
4051,22592.8378
4052,52405.23285
4053,39236.265
4054,4209.3416
4055,10543.52575
4056,6830.63145
4057,2902.8064
4058,5708.61845
4059,41750.30075
4060,8047.25725
4061,8073.86245
4062,72144.53395833333
4063,5411.490233333333
4064,4291.117625
4065,46086.567
4066,9806.35285
4067,3241.8567
4068,5515.37325
4069,2130.75915
4070,11062.53945
4071,55581.5026
4072,58792.9586
4073,3315.49525
4074,4654.0307
4075,12906.1379
4076,10935.8355
4077,11083.352716666657
4078,51447.6439
4079,4462.3153
4080,4875.50025
4081,13236.0269
4082,11786.42355
4083,3208.5733
4084,4821.4571
4085,59826.6148
4086,3941.63375
4087,11719.66975
4088,5885.31215
4089,73246.62965
4090,7078.52965
4091,9200.26495
4092,8811.21695
4093,7903.959410000001
4094,5863.0639
4095,4394.60445
4096,43838.51965
4097,4906.0221
4098,57365.84395
4099,51348.2693
4100,47764.27105
4101,3793.6523
4102,2974.15485
4103,4767.6247
4104,8642.93627380952
4105,68764.0942
4106,59301.2505
4107,12492.6325
4108,8778.109423333333
4109,45561.33695
4110,5622.26475
4111,88776.62075
4112,6891.040266666666
4113,6356.20905
4114,15635.2481
4115,6809.2036
4116,7117.323666666667
4117,55003.56945
4118,12415.65375
4119,39913.2497
4120,5212.5197875
4121,54376.16295
4122,13722.4305
4123,48853.09365
4124,4226.7977
4125,3766.3025
4126,4096.39585
4127,58288.12985
4128,2558.1333
4129,13434.3175
4130,68142.3655
4131,6191.19565
4132,50957.12375
4133,56049.98555
4134,46478.2542
4135,4319.29105
4136,2449.3319
4137,62919.76645
4138,51073.50265
4139,4128.6677
4140,56714.3792
4141,5644.8523
4142,7218.4583
4143,57904.7668
4144,7976.43825
4145,11065.380866666666
4146,10052.21975
4147,5919.5705
4148,6135.15725
4149,6026.5516
4150,4282.44585
4151,5218.4655
4152,53516.1051
4153,4988.38605
4154,2442.1631
4155,2300.0689
4156,8798.081305000002
4157,6018.40375
4158,4367.4752
4159,8323.6419
4160,8147.26375
4161,5867.92785
4162,3665.56885
4163,53172.09475
4164,13651.708766666665
4165,7497.63565
4166,54168.6569
4167,2899.14825
4168,5075.3006
4169,2160.15365
4170,12994.84515
4171,5264.939179166667
4172,68223.04567
4173,11142.57655
4174,6531.52145
4175,5846.27725
4176,48120.0869
4177,66216.4988
4178,6977.7329
4179,4185.1733
4180,11940.37055
4181,41605.495085
4182,60051.43065
4183,6218.48785
4184,59261.79595
4185,63531.96395
4186,3698.0525
4187,9913.44175
4188,6141.8246
4189,4143.7402
4190,58004.3594
4191,52754.227932500005
4192,3582.9445
4193,59425.6773
4194,50465.0802
4195,58664.0962
4196,4660.83555
4197,8229.4754
4198,2548.37095
4199,55510.75375
4200,2796.58245
4201,48075.24025
4202,22257.9578
4203,6872.001690000001
4204,6166.07115
4205,5547.20605
4206,4754.63495
4207,34849.73081666666
4208,5031.578425
4209,12066.39085
4210,40812.6147
4211,4662.5124
4212,7730.23515
4213,8655.720291666667
4214,5016.6135
4215,5979.26835
4216,50613.3708
4217,11061.439751904763
4218,7021.434845833334
4219,6670.8423
4220,13179.6984
4221,5047.57775
4222,3965.7921
4223,66587.5195
4224,6110.62455
4225,7058.1009
4226,44919.1484
4227,57738.6812
4228,3162.56165
4229,46298.61445
4230,5148.50045
4231,55016.9865
4232,5614.943
4233,5310.3539
4234,11722.52275
4235,49522.00045
4236,7775.3168
4237,10556.80475
4238,5941.5842
4239,53989.4823
4240,14292.27375
4241,9846.46729857143
4242,3174.85265
4243,4787.73195
4244,5735.5022
4245,5789.98785
4246,3403.9597
4247,6619.92045
4248,5838.51
4249,2970.08635
4250,58053.47795
4251,11183.49345
4252,8048.9987625
4253,3592.4372
4254,49612.61765
4255,2793.1193
4256,4306.44745
4257,4492.56455
4258,5724.504229166666
4259,67627.5498
4260,59091.895
4261,3396.2958
4262,3926.8337
4263,50373.6277
4264,3518.9077
4265,5567.468103690476
4266,5934.2385
4267,49246.36935
4268,38808.341145000006
4269,78936.35935
4270,10141.971283333332
4271,22984.8235
4272,4504.53585
4273,2760.35865
4274,4406.70635
4275,7826.2468
4276,5492.21735
4277,2710.44905
4278,12254.7736125
4279,50696.4677
4280,5268.119043333334
4281,5308.17945
4282,6783.434
4283,10219.6763
4284,66424.0003
4285,6402.4861
4286,1462.1761
4287,9155.3481
4288,52158.6224
4289,51929.30265125
4290,15316.10585
4291,9056.0801
4292,5559.65615
4293,31641.97965
4294,5047.48805
4295,6960.18395
4296,45795.21335
4297,18984.96335
4298,44639.41205
4299,54795.209455
4300,57073.20865
4301,70711.0316
4302,6246.18755
4303,17186.7811
4304,56493.513
4305,7394.0433
4306,87330.53045
4307,6869.43625
4308,3217.0949
4309,54371.96415
4310,41253.33885
4311,50662.4215
4312,28298.7473
4313,43457.9139
4314,5577.46245
4315,58660.64285
4316,6134.3144
4317,64280.49345000001
4318,54840.27885
4319,4227.9498
4320,4896.9843
4321,7300.21935
4322,17903.211325
4323,11298.87105
4324,62767.5619
4325,6548.6911
4326,5354.7329
4327,5431.7979
4328,49826.27155
4329,65990.58375
4330,5535.61885
4331,9806.346
4332,6627.74825
4333,44816.3415
4334,8338.43515
4335,2918.7538
4336,78086.3734
4337,3837.62675
4338,2365.8429
4339,58872.6057
4340,6541.6936
4341,50410.6648
4342,4546.29805
4343,55169.20575
4344,59099.662725
4345,5724.25535
4346,6556.5119
4347,7070.85295
4348,3420.1737
4349,12898.8538
4350,59637.03955
4351,5937.10045
4352,4353.7129
4353,67004.20645
4354,5041.5784875
4355,8747.5363
4356,47440.3553
4357,49843.98275
4358,4029.11305
4359,12507.69815
4360,5214.5992
4361,49579.46575
4362,44462.07155
4363,4775.709025
4364,45323.2286
4365,69109.3787
4366,60257.28965
4367,40163.67805
4368,5650.2541
4369,48555.0625
4370,1373.8316
4371,7255.3404
4372,64065.10305
4373,6437.9502
4374,7868.6191
4375,60295.53095
4376,4524.6934
4377,10526.7747
4378,33972.2867
4379,64287.18865
4380,3973.3182
4381,59569.32085
4382,8255.36695
4383,1508.40245
4384,69822.90635
4385,4302.58505
4386,6876.72035
4387,4438.4745
4388,7590.1128
4389,5077.8128
4390,11319.12325
4391,4659.05145
4392,5081.389498333333
4393,7142.68875
4394,6520.1992
4395,5452.06885
4396,57797.4385
4397,46730.72105
4398,38621.272
4399,68877.8306
4400,5545.72185
4401,18394.64585
4402,60495.0415
4403,5520.27255
4404,6192.08875
4405,1772.4247
4406,52931.93205
4407,57985.50395
4408,5817.54365
4409,4719.2194
4410,6479.89995
4411,4714.68125
4412,4568.64255
4413,44229.40905
4414,4329.25305
4415,5384.1753850000005
4416,6830.6786
4417,55936.2469
4418,5643.9809
4419,58908.86685
4420,54179.33795
4421,6691.534858333333
4422,61131.88055
4423,6748.946
4424,4950.2254
4425,6220.4701
4426,51196.359075
4427,2514.6486
4428,7447.86965
4429,5625.07795
4430,52574.42935
4431,10355.6036
4432,10848.8948
4433,6629.4239
4434,50323.20495
4435,36089.5949
4436,3113.6737
4437,3297.17305
4438,4814.87355
4439,6783.529170000001
4440,7550.649225
4441,6043.77255
4442,14456.859199999997
4443,18124.2888
4444,3796.3661
4445,55213.2017
4446,4488.65195
4447,12173.941
4448,3965.63485
4449,2986.61995
4450,47119.6041
4451,4436.24885
4452,9551.5689
4453,4841.20895
4454,9887.400979166667
4455,6308.007888571428
4456,3771.6187
4457,5605.64115
4458,47869.74295
4459,9669.7303
4460,6026.4261
4461,11164.05435
4462,5350.44295
4463,6825.4795
4464,5593.16155
4465,5658.86155
4466,10047.06795
4467,54362.1133
4468,32878.322705555554
4469,10111.04315
4470,2577.58085
4471,45458.4269
4472,7437.0706
4473,5071.7082
4474,4835.90205
4475,53182.8412
4476,9550.11575
4477,68960.48596666667
4478,4745.5593
4479,3752.197075
4480,5265.41235
4481,59551.89795
4482,5524.51605
4483,2545.4445
4484,32937.68678333333
4485,50927.70265
4486,3941.47795
4487,11139.9681
4488,2968.6514
4489,3771.2956666666673
4490,48549.16325
4491,48568.0521
4492,55855.20385
4493,7593.315125
4494,51164.62935
4495,7664.2423
4496,49094.43365
4497,73194.21025
4498,22459.0016
4499,57148.209325
4500,56992.96435
4501,10815.33085
4502,6600.2119
4503,8482.57555
4504,4463.983125
4505,11463.7384
4506,43188.44295
4507,5752.9151
4508,5893.480066666666
4509,57257.6087
4510,48157.43905
4511,4086.6047
4512,7687.12565
4513,6252.83095
4514,5483.1174
4515,33743.69175
4516,5643.530975
4517,63835.0459
4518,5029.4501
4519,6300.1605
4520,6027.5437
4521,13608.317478571427
4522,6417.4906
4523,5803.915475
4524,11570.4249
4525,5803.96645
4526,5681.87675
4527,5475.1656
4528,14820.30595
4529,3985.63385
4530,2125.62815
4531,4755.52055
4532,13261.39615
4533,57649.6625
4534,6271.23245
4535,52413.87415
4536,55479.3593
4537,4633.17355
4538,4394.4948
4539,5588.80525
4540,5761.8406
4541,6853.10295625
4542,11570.6874
4543,51595.5655
4544,28127.88355
4545,7652.39265
4546,49258.4418
4547,54466.48565
4548,66603.1204
4549,5160.2188
4550,5052.96905
4551,5006.3292
4552,6199.34025
4553,11759.8408
4554,25476.92225
4555,8822.5987
4556,51427.731
4557,14668.22795
4558,13599.535235000003
4559,41131.13685
4560,66967.36725
4561,7392.65875
4562,4527.0737
4563,5155.4655
4564,4297.3628
4565,41689.7123
4566,6095.6183
4567,11401.3457025
4568,4812.65865
4569,4220.3085
4570,4633.5395
4571,7469.1552
4572,6257.3905375
4573,6274.060043928572
4574,2530.4464
4575,6601.633
4576,5919.9536
4577,6103.0698
4578,5884.0837
4579,1822.2225
4580,7991.60375
4581,4566.8556
4582,57076.22435
4583,3980.20325
4584,55720.24655
4585,3501.0846
4586,2905.1132
4587,12017.062044999999
4588,50755.9119
4589,3884.20305
4590,49062.11545
4591,10244.4586
4592,11950.8254
4593,3475.2257
4594,39316.6254
4595,3654.93025
4596,6214.36385
4597,7590.368500000001
4598,4282.37095
4599,2900.68335
4600,6559.7781
4601,45044.0784
4602,12899.437054642856
4603,55852.93005
4604,9520.1337
4605,45899.83795
4606,7511.9931
4607,3381.15155
4608,8563.75915
4609,3884.8509
4610,6867.94315
4611,53550.87607285713
4612,67538.1752
4613,3967.19165
4614,2041.1165
4615,56540.75005
4616,2275.5329
4617,4166.67495
4618,5019.8563
4619,48266.5258
4620,2804.94665
4621,9965.076386666666
4622,3020.23365
4623,2085.07965
4624,8735.659563095238
4625,14169.52825
4626,9560.7231
4627,36490.87015
4628,3209.97635
4629,6242.2207
4630,10921.286733333332
4631,5599.7436
4632,9044.7005
4633,68200.44915
4634,52634.14465
4635,8097.8648
4636,55297.4019
4637,12513.214298333334
4638,12220.3968125
4639,42775.30395
4640,4170.98245
4641,5546.8707
4642,8088.7509
4643,49810.872
4644,10655.07763
4645,3937.37975
4646,9002.16055
4647,48508.1001
4648,2734.39795
4649,69521.05115
4650,48711.32775
4651,11974.0821
4652,4158.129
4653,13492.9913
4654,45203.7422
4655,11839.5097
4656,62086.62855
4657,72504.25066666667
4658,12556.5885
4659,5687.133922380954
4660,61779.98165
4661,5200.452
4662,70866.4056
4663,15891.58435
4664,53505.00805
4665,53074.03265
4666,4581.0038
4667,6411.4311
4668,14317.84205
4669,4958.30725
4670,10436.517725
4671,64574.8028
4672,11255.31785
4673,49887.11785
4674,5263.5247
4675,54711.1654
4676,5209.06945
4677,56659.8645
4678,41911.3182
4679,64286.93085
4680,7465.94415
4681,5217.19475
4682,23120.5054
4683,16317.192325
4684,57658.6356
4685,51077.80385
4686,6062.4889
4687,45198.5898
4688,7804.4894
4689,59119.9112
4690,12248.08292
4691,13915.6732
4692,6153.75595
4693,54027.1599
4694,6693.5276
4695,57976.7344
4696,6454.9333
4697,51118.7882
4698,21860.7755
4699,34900.80335
4700,57333.029812261855
4701,7822.61315
4702,6195.7741
4703,4881.8059
4704,12268.252
4705,8276.2342
4706,6001.22885
4707,5279.20765
4708,2077.3629
4709,53995.8921
4710,2625.53285
4711,8484.4356
4712,6814.65325
4713,13832.0119
4714,6314.10535
4715,48977.65575
4716,5774.76697
4717,4901.04805
4718,26664.8838
4719,32496.1319
4720,53745.11785
4721,42270.7114
4722,14533.2064
4723,29710.20835
4724,37211.15505
4725,5835.6782
4726,5815.45415
4727,6536.34655
4728,46324.55175
4729,4713.1059
4730,53785.5689
4731,9242.82355
4732,66488.97
4733,52215.5216
4734,5911.82005
4735,54609.1665
4736,5502.2997875
4737,5757.02645
4738,43083.40355
4739,4825.74345
4740,7129.826175
4741,51448.30125
4742,3030.8699
4743,2257.6666
4744,5271.8031
4745,9008.3853
4746,4838.071333333332
4747,49285.41385
4748,51832.9672
4749,45296.5337
4750,6371.77653184524
4751,68570.84108438496
4752,7359.5258
4753,6284.94715
4754,66575.2103
4755,7867.449
4756,3157.53315
4757,7578.05055
4758,8071.60005
4759,2491.6792
4760,63584.90345
4761,5729.7043
4762,44722.4583
4763,9843.05825
4764,4544.897
4765,10320.316
4766,63555.15605
4767,62179.1446
4768,65524.00085
4769,7355.59935
4770,14247.5312
4771,4484.32275
4772,2760.1949
4773,10062.46215
4774,49858.11005
4775,4576.7456
4776,4755.6867
4777,48639.3581
4778,67838.44218333333
4779,46992.83265
4780,4057.25795
4781,46989.5389
4782,5898.62115
4783,48649.75515
4784,43524.04935
4785,32243.280816666662
4786,5253.6654
4787,4807.89535
4788,48543.7999
4789,6111.016513511901
4790,42182.56925
4791,55716.9481
4792,7428.0997
4793,47098.4673
4794,6338.09785
4795,79134.6793
4796,24916.15625
4797,44704.45595
4798,8905.14825
4799,5220.96665
4800,5084.371125
4801,3047.04695
4802,4269.26185
4803,7102.28445
4804,5442.9757625
4805,43252.00735
4806,5534.15185
4807,4819.38365
4808,2928.93665
4809,2516.65195
4810,5261.1965
4811,8656.23155
4812,50767.11182
4813,6053.3985
4814,2629.7543
4815,17139.33885
4816,7847.90345
4817,2951.9844
4818,4121.52515
4819,3558.18655
4820,2885.70615
4821,40485.41875
4822,59939.8278
4823,4755.45405
4824,11316.8395
4825,8261.033
4826,49343.06535
4827,8099.301928333334
4828,5783.4384875
4829,5974.0014
4830,5680.638
4831,7304.7785
4832,5984.09465
4833,46069.09605
4834,5824.1915
4835,5860.28755
4836,22830.6774
4837,53402.20875
4838,4769.233
4839,6804.1753
4840,62209.57265
4841,51685.31975
4842,5683.265
4843,51580.24055
4844,17624.0601
4845,63516.71541555551
4846,5003.996225
4847,6569.490808928571
4848,2915.1116
4849,46182.7412
4850,3361.5625
4851,3233.81645
4852,7459.12495
4853,10261.160916666666
4854,16894.61825
4855,4397.8295
4856,4626.1717
4857,6274.44965
4858,5437.0201
4859,5575.5822
4860,52216.89865
4861,7286.092475
4862,5941.8921
4863,9644.9042
4864,46119.42965
4865,4212.5632
4866,5085.04095
4867,2994.26325
4868,4677.04295
4869,5696.4603
4870,6385.42575
4871,52279.96615
4872,6120.07945
4873,11353.0562
4874,49132.73245
4875,55078.889566666665
4876,5903.5611
4877,6009.36305
4878,2565.4863
4879,42806.99525
4880,7850.203
4881,13845.7616
4882,45217.2878625
4883,10907.8831
4884,55828.93755
4885,59915.13825
4886,3435.2344
4887,2478.02665
4888,8347.9666
4889,3813.77265
4890,1815.75865
4891,56540.87495
4892,6020.5569
4893,14076.4302
4894,7766.5479
4895,6590.9123
4896,6626.190741666666
4897,12137.05416125
4898,3346.8543
4899,45445.74755
4900,5184.8829
4901,5626.4731
4902,9539.85828
4903,7360.3728
4904,32778.616
4905,4779.27085
4906,66282.07325
4907,4634.99315
4908,59809.5617
4909,2164.09145
4910,5035.1103875
4911,5079.85815
4912,6427.1494
4913,8298.7743
4914,6077.77205
4915,60972.3892
4916,2802.76585
4917,48482.1857
4918,50791.38865
4919,8126.75595
4920,2390.0629
4921,66226.32905
4922,6262.4046
4923,72463.63131666668
4924,6130.02725
4925,5974.033
4926,39314.55855
4927,11885.5011
4928,5945.3955
4929,6174.68805
4930,52523.4089
4931,49439.90725
4932,5965.4341
4933,4474.08565
4934,14676.01325
4935,7835.0842
4936,5294.2702
4937,6272.34151
4938,5826.51015
4939,44818.43785
4940,6091.5312
4941,4497.28295
4942,5746.392821785714
4943,6198.90685
4944,50002.7886
4945,54115.382
4946,5054.34265
4947,32328.357
4948,7131.7183
4949,4451.87155
4950,4303.3673375
4951,38381.539475
4952,4827.906675
4953,41508.67785
4954,3507.36235
4955,5444.5265125
4956,5331.2131
4957,4524.46205
4958,4380.66395
4959,7927.675225
4960,4526.18625
4961,6388.95365
4962,12493.07155
4963,6510.49915
4964,13135.20325
4965,4339.69535
4966,56286.7801
4967,62599.02795
4968,4237.24015
4969,2996.484
4970,14430.1673
4971,4623.8836
4972,4583.5206
4973,12248.98842
4974,7831.67355
4975,7457.81185
4976,50026.48595
4977,6672.5597
4978,3582.40615
4979,5049.9524
4980,51541.521
4981,4865.31125
4982,3988.91045
4983,13180.77645
4984,3529.53605
4985,6325.2218
4986,6317.1824
4987,3798.0291
4988,5890.9134
4989,49355.6039
4990,28559.74465
4991,17621.6648
4992,54323.0908
4993,7621.02695
4994,10005.34475
4995,6416.04945
4996,59616.5838
4997,4564.9207
4998,49553.82335
4999,47495.736
5000,60999.0096
